Country Name,Country Code,1990,1991,1992,1993,1994,1995,1996,1997,1998,1999,2000,2001,2002,2003,2004,2005,2006,2007,2008,2009,2010,2011,2012,2013,2014
Aruba,ABW,0,0,0,0,17342.4719395745,16441.3812596351,16586.1922970903,17927.4120263906,19081.570288414,19356.4208651472,20619.5658496388,20671.545738502,20433.6541088167,20834.9397101237,22566.6821576324,23302.8319880055,24015.4206122701,25921.5382341406,27549.8894224976,24640.4212441218,24289.1415161326,25353.7875446441,0,0,0
Andorra,AND,18876.729351928,19530.8435047204,20541.7738959473,16508.8752202349,16226.971079738,18460.007428295,19038.7988311469,18405.3200974733,18969.9779859045,19323.8925471569,21432.9600712136,21897.6629394768,24175.3727542522,31742.9925847537,37235.4500323146,39990.3304085679,42417.2291456984,47253.5297963111,46735.9995745016,42701.447136255,39639.386021211,41630.0525792977,39666.3692147448,42806.5225532934,0
Afghanistan,AFG,0,0,0,0,0,0,0,0,0,0,0,119.8990371116,192.1535282788,203.6510409232,224.9147121934,257.1757946563,280.2456441069,380.4009551866,384.1316812768,458.9557815858,569.9407287933,622.3796543585,690.842629015,666.7950510965,633.5692469519
Angola,AGO,901.1076018335,1265.6273094499,872.7676639997,825.6981351378,823.8855437082,380.8719231095,560.6755165948,554.252232901,454.2965495189,421.3767773336,606.2722922443,574.1941611374,948.8443995727,1067.1789161539,1361.7442252858,2063.9222021292,2825.0734902496,3402.1459800335,4462.1253508558,3565.1815885091,3928.8245135436,5053.7386489293,5531.7762986967,5900.5295698989,0
Albania,ALB,639.4638992899,348.711317787,218.4921659026,380.5273710843,619.0651634471,760.5593757741,1046.3585105892,749.5846489725,865.3021618451,1098.4254633894,1175.788980734,1326.9703392934,1453.6427766085,1890.6815574354,2416.5882350701,2709.142930562,3005.0129033756,3603.0136852028,4370.5396465316,4114.1365448197,4094.3588320382,4437.8119990023,4247.485436815,4411.2582405607,4564.3903386929
Arab World,ARB,2000.0038070485,1914.3232544694,2012.9835579097,1983.8219143242,1978.178409989,2059.8817823007,2224.0315110609,2307.4731866047,2178.5803702173,2323.3287163842,2597.3637475186,2502.4941634753,2469.6781110531,2728.4039614689,3130.3770675571,3763.0712861349,4358.297285838,4985.822104241,6171.0312850115,5209.1449157007,5955.0647563847,6911.5668593506,7502.7284361151,7536.4778018586,7446.7669199684
United Arab Emirates,ARE,27989.301267604,26945.6591464759,26864.1881075461,26141.3306464453,26495.8215612079,27973.7428158486,29813.3723096431,30378.5453428093,27681.310528386,29278.7686208249,34207.5389498903,32105.6478664635,32355.4095972427,34294.8939976005,37179.6818919642,40298.5242178562,42950.1005841305,42913.7840342254,45720.0178979792,32905.0538494054,34341.9112921486,39901.2209155518,41712.1242109135,42831.0891322689,43962.7136932011
Argentina,ARG,4318.7745675551,5715.5040522025,6798.0271667107,6940.3513753902,7449.4806053363,7373.4274028801,7683.5738479082,8172.6652353431,8248.7647199027,7736.3725779273,7669.2737085843,7170.6896981936,2579.2016382104,3330.4098205646,4696.0701108867,5640.8485028359,6639.9094346175,8239.1371613464,9999.0935169352,9231.38290042,11198.6425666859,13392.9169036445,14357.4115893903,14443.0656513599,12509.5311180615
Armenia,ARM,636.6806899965,589.0029482239,368.9168367934,356.5073514422,399.7512025223,455.5502760862,503.2319696202,522.5220720402,608.3366487308,596.505996304,621.4248263189,692.3016308889,779.8296261316,924.4640098178,1181.9684454224,1625.4077691268,2126.6186610718,3080.9709594357,3919.9754738106,2915.5839059087,3124.784017862,3417.1718359992,3565.5175749254,3716.8289225446,3873.5335658068
American Samoa,ASM,0,0,0,0,0,0,0,0,0,0,0,0,0,0,0,0,0,0,0,0,0,0,0,0,0
Antigua and Barbuda,ATG,6325.2409048394,6575.4804987645,6680.3758704002,7037.9391539286,7514.4836797729,7230.3206365153,7702.6702836369,8027.6311309648,8355.6186431965,8572.3734807782,10094.7590646488,9797.968712774,10027.8562205839,10382.6309004545,10993.3692472668,12079.8656950416,13599.908857304,15276.0682646698,15786.1728395062,13979.2626925883,13017.3103875487,12817.8415733094,13525.616220134,13342.0849977054,13432.0793301552
Australia,AUS,18221.6912110476,18836.7805847441,18591.2205236257,17657.2442411201,18079.2639426659,20360.1822127719,21917.7192180061,23522.7787661215,21340.0621127075,20536.4123093012,21665.1154539573,19495.1459333809,20059.4520721372,23440.0053221856,30440.8548786229,33982.9504271591,36084.8589777475,40957.8304392487,49628.1151270179,42715.1322619629,51845.6548605562,62216.5471294133,67646.1038529626,67652.6832146189,61979.8962947626
Austria,AUT,21628.760231013,22356.923917186,24820.2278258852,24023.515467019,25584.9178245938,30252.7946924041,29742.4288063177,26646.8839392444,27289.6307093023,27116.6760790806,24517.2674460147,24489.7355313151,26351.3756769542,32102.9305523558,36693.4026205182,38242.0425174699,40430.993614499,46586.6502529235,51386.3766511975,47654.1872090808,46659.8408181344,51123.5613291663,48324.2540367606,50557.8038059874,51122.4253136062
Azerbaijan,AZE,1237.324491677,1209.2374928496,676.1515114525,530.0903798068,436.190558582,397.1981161172,409.2167452168,505.5605732289,561.9103017355,573.8902561721,655.0974326026,703.6712504399,763.1012122204,883.614008968,1045.0264152764,1578.3673303067,2473.0857763684,3851.4378687117,5574.6038021861,4950.2947914238,5842.8057835858,7189.6912292077,7393.7718769762,7811.6214184582,7886.4591436727
Burundi,BDI,201.6876562549,202.6934403299,183.7173203793,155.9216027018,150.8028052231,160.3499893229,137.2141027103,151.53210431,137.2515027945,121.9977307821,128.635536499,126.2170813087,115.2798803225,106.0169747292,119.4601350128,140.8151355984,154.9245257131,159.2654713115,182.6878012523,190.3942036666,214.2309908401,240.6144834591,244.1964862315,259.3652081502,286.002335873
Belgium,BEL,20710.6639265195,21154.3118295821,23497.7496151112,22403.2380009978,24338.1606937986,28565.9461495143,27701.8519735545,25027.7778163399,25541.7182931865,25444.1392583071,23207.4059110078,23121.566347019,25052.3302823,30743.9569254283,35589.7129457001,36967.2829204297,38852.3610339939,44403.8313061102,48424.5892730273,44880.5601517887,44382.8797683492,47699.8070518961,44731.2194794638,46625.3175174923,47327.6204608156
Benin,BEN,391.893446781,383.2953743404,315.2183091047,407.4501585468,276.1591189101,362.4709682601,382.2854632583,356.5782436095,375.0240903502,399.0492558342,369.7008680893,373.5536136218,411.9590752818,509.4610886978,570.6855013338,587.0802124228,609.0186086816,685.5516751077,794.8701760641,768.0134764477,732.9536227267,799.0355591314,807.6884510172,882.63863328,903.4649240077
Burkina Faso,BFA,351.9792490941,346.4104427802,240.9634032261,244.1271501687,193.0702756343,235.8322440461,249.3587558682,229.4880612953,255.7096310271,267.186160931,226.8016078245,235.5079324878,260.8084340357,332.4237686782,371.3951961389,406.998837384,422.4799379752,474.7109451446,569.0142638008,551.8432409126,574.4580892937,665.8074466938,673.0267834254,708.8416819114,713.0638896588
Bangladesh,BGD,298.1449919853,285.296976044,285.697809825,292.3645262534,291.3258679358,320.3619277188,383.8299550818,390.407905394,396.1696494738,398.2295462916,406.5317404911,403.5945462137,401.7081533282,434.0465632334,462.2748798448,485.8528880735,495.8537802011,543.0822631224,618.0758835593,683.6144222723,760.3319352002,838.5478017022,858.9333625876,954.3963997156,1086.8070785352
Bulgaria,BGR,2377.3358935295,1267.7343754149,1211.9808781093,1278.2471734611,1148.4943993817,1554.0469305143,1208.8502331198,1346.9127703109,1771.993942735,1643.6098949729,1609.2805861652,1762.4559679559,2079.2289749196,2693.7587604111,3353.5641485437,3852.9777564727,4455.6902241858,5932.8996765932,7296.1224785859,6955.9877325342,6752.5521777488,7750.0398800307,7333.3550730395,7656.6385055492,7851.2654280423
Bahrain,BHR,8528.7600593506,9057.5633748687,9088.631290387,9707.5669553527,10138.4745861281,10376.3642508806,10523.0815223982,10620.3434291409,10005.2367523625,10330.7365414172,13590.5210501438,12917.3955022801,13279.0457951397,14541.6160485141,16275.1804236433,18418.0726743768,19669.3195545631,21167.6187062133,23043.0253174017,19166.7082382358,20386.0175551116,22238.7119502059,23063.1322870426,24378.9448284188,24855.2156350086
"Bahamas, The",BHS,12350.8804781187,11914.8121340242,11682.1288603818,11402.651522136,11812.1223763424,12239.8278071469,12717.0603822518,17288.0565080427,18456.9907672364,20505.947433679,21241.1653927108,21497.3081566811,22505.4047934793,22008.4337005989,21995.5199216219,23405.8795479327,23721.1562800587,24306.1424243044,23657.365306222,22043.0125711709,21920.5165867583,21514.8986531628,22112.6083547268,22315.6036533886,22217.4941392075
Bosnia and Herzegovina,BIH,0,0,0,0,314.5596046786,481.1650399215,731.1209512179,971.5460642847,1090.2570560444,1238.1733850728,1451.6640018367,1512.9930140556,1746.4863834672,2192.6470782437,2619.7532575373,2928.2635903528,3351.9633998615,4107.9967786236,4974.6624617136,4586.2066833144,4475.0881300457,4860.7816258846,4494.6408119771,4748.0406922642,4851.6603501811
Belarus,BLR,1704.7403040648,1747.4386712776,1666.2275129416,1590.0354090294,1460.0175436025,1370.6727097518,1452.4470018171,1396.5021663727,1511.7702679813,1209.6148807799,1273.0491239487,1244.4419967652,1479.4653211322,1819.4790277163,2378.374893912,3126.3677777946,3848.5862030089,4735.9568891887,6376.1731149128,5176.044701382,5818.8548592158,6305.7736624765,6721.8349077397,7722.1233506044,8040.0475569713
Belize,BLZ,2202.3225558778,2326.8337283586,2666.9227315607,2833.0756186576,2880.1540311257,2996.3973397697,3001.6933494159,2952.5755126272,2991.8600437577,3065.5179110732,3364.4645817946,3419.2087146099,3556.6161603803,3679.7928154214,3831.6098303059,3933.2343731798,4187.2328899987,4324.8310171144,4470.220795976,4258.8428764832,4344.1366690609,4517.1239971688,4674.2933767341,4719.1379545778,4831.1775518618
Bermuda,BMU,26841.5197383946,27700.3095169516,28669.6822595785,30900.6948905109,31476.0631153068,33989.7223579821,44826.7890701658,48478.8832504091,51371.7408069836,54245.459737293,56284.1686478094,58883.9594265967,62583.1002034588,66111.7252270036,70359.3191088798,75882.0338560339,83912.6977976846,90849.5869806436,93605.7481653976,88463.3128161375,88207.3275597322,85973.158416455,85458.455507886,85748.0654143782,0
Bolivia,BOL,709.9486541479,764.1413320844,791.3813169915,788.3991365374,806.2211258916,887.4682896849,958.4735177861,1006.9640990201,1058.7183537835,1012.5100207967,1007.0028688845,958.2363140636,913.575853422,917.3643104862,978.3347575767,1046.4278428307,1233.59297373,1389.6317502607,1736.9240141515,1776.8571896237,1981.160105257,2377.7006897289,2645.2902743317,2948.0329176307,3124.0807621235
Brazil,BRA,3071.6279531441,3942.4039411954,2578.2070086443,2774.174126945,3482.5298163741,4827.1524426348,5144.6436595587,5260.4638128239,5065.3367050367,3461.6128582132,3728.5080100153,3135.1552290774,2805.7172572305,3040.5064955882,3596.2245797606,4730.6534683816,5808.3405471598,7246.8701047907,8706.8191419037,8474.8810657661,11121.4209541496,13039.1216499582,12157.3082176473,12071.7779871352,11726.8058803488
Barbados,BRB,7727.8505928218,7733.3737038157,7464.2235986941,7842.6933183316,8148.5703777305,8537.8973884684,9069.2367215013,9549.1844294567,10726.8931934295,11200.2906803404,11568.0519422765,11513.3401801349,11674.9361829092,12028.8987405468,12869.3365947615,14223.7777039775,15646.815008726,16461.8292691759,16569.6049618665,16526.2545517227,15901.4329353355,15530.8942915589,15317.1390013495,15153.8213753482,15366.2926106288
Brunei Darussalam,BRN,13701.8970422471,14002.1071342971,15381.3139100223,14678.0715929009,14220.6363441058,16046.9815826138,16913.9353639107,16779.3384713214,12784.7662234822,14205.7737205539,18154.8349324604,16616.798045418,17016.9434933055,18758.9808946915,22131.9460641106,26337.9181126619,31157.6884478525,32707.7043073602,37798.3935034007,27726.481053695,31453.2243965354,41787.0214028978,41807.6533410575,39151.2342290391,40979.6419433378
Bhutan,BTN,559.8216185514,467.6568699846,474.9128635881,453.3890922583,529.5484885852,595.5104133902,617.5547709058,702.5389844019,706.5620391365,764.1242598694,778.3912660161,820.2028588625,897.445333164,1009.0062318469,1107.9205956407,1257.5486400866,1346.0857748005,1755.1617090429,1810.576177044,1786.8106720059,2201.2930777894,2485.7870521685,2452.1515879374,2383.0447299026,2560.5011541718
Botswana,BWA,2747.2084382572,2776.4230618989,2839.1969630862,2772.7327735196,2767.3537402707,3001.1026308103,3007.6136227953,3050.2335865279,2854.6734019208,3210.2318804722,3333.1795496534,3114.6165937873,3044.1273533896,4149.0413774883,4879.4594615473,5327.8535176786,5342.1403362253,5666.6378469257,5561.898239986,5115.119246672,6244.0025738727,7504.850907449,6935.5936526659,6882.2583727087,7123.3392413015
Central African Republic,CAF,490.3995393239,457.4552983375,457.0583079434,403.2931148771,261.6021372142,334.3654766989,294.9204314225,268.0862194938,270.4307454843,273.5813579156,245.4343849293,245.5632726456,256.850608771,290.5096582522,318.4837946257,332.9466400768,353.8944517064,404.1131818544,463.8276186307,454.3693169169,446.8002045528,484.583218122,469.6842870568,326.4371085133,358.5378358576
Canada,CAN,21302.396912001,21591.1391612209,20692.7220252261,19936.3770646304,19785.6790398347,20509.0030863168,21129.4354271046,21709.2963371821,20875.2483089147,22109.6039862186,24031.9512017887,23573.7500651106,23995.0163265338,28026.0060130447,31830.0118713303,36028.2324902754,40243.5522837141,44328.4753768925,46400.4418456756,40764.1413468899,47463.6311923649,52086.533524627,52737.7771646779,52309.4317452131,50230.8076901423
Central Europe and the Baltics,CEB,2297.2015421844,2186.9488849527,2347.3557962534,2473.6877954617,2807.1508334916,3467.428880116,3722.562723103,3715.7570792746,4087.1717824413,3963.3968726378,3943.5949232891,4342.0075368337,4920.1735792208,5937.8246126824,7141.7221403024,8317.1994563878,9434.6499679719,11943.2413328079,14449.8798266322,12161.4616645403,12546.047643268,13869.2476850388,12981.6470661056,13685.5934431853,14082.0106173863
Switzerland,CHE,38332.1517205633,38303.049889718,39435.5381338896,38005.3234464037,41738.9701947029,48540.5774945952,46610.0597512362,40429.9372576455,41487.6901931812,40577.3366287001,37813.234256795,38538.6444695451,41336.7219170303,47960.5649721577,53255.9763084633,54797.5466345741,57348.9278823975,63223.467775151,72119.5608730311,69672.0047147337,74277.1205125567,88002.6095703805,83208.68654235,84669.2929367996,85616.5611964835
Channel Islands,CHI,0,0,0,0,0,0,0,0,40538.064462257,42406.9328479547,43299.401141101,41609.0194762585,44158.0402554468,48227.6655087624,55844.1166944098,57209.2491624825,62260.2255450367,73568.2348279852,0,0,0,0,0,0,0
Chile,CHL,2401.525181427,2727.5738248591,3277.6690859478,3461.4350919395,3942.967593861,5026.7206342632,5263.1913663815,5674.1530081465,5367.2118236476,4872.6921482922,5229.177097708,4709.9233998205,4566.5233256998,4948.7481798181,6323.7576399565,7728.6118974176,9500.8351620276,10513.540709255,10791.0201852508,10217.3140258409,12785.0518749485,14582.1705192521,15253.330825962,15741.7116579533,14528.3258112673
China,CHN,316.2244304218,331.4749159985,364.7596641408,375.8142938012,471.7608812199,607.5685831223,707.0297713023,778.9439057255,825.5479570821,869.6548820827,954.5522917304,1047.4778628689,1141.7576443751,1280.602854808,1498.1737956253,1740.0967263801,2082.183362501,2673.2941909354,3441.2213545702,3800.4745416128,4514.9405201338,5574.187093369,6264.6438779399,6991.8538656445,7590.0164405436
Cote d'Ivoire,CIV,887.3854460515,832.6844214014,854.8364233817,818.2228302727,595.7925412358,763.6689247475,817.3361966671,766.333932786,801.8595646329,766.9336227069,648.8107640662,663.6413458731,718.4531130274,875.0860950688,929.8933839756,942.2163849301,962.9184427388,1078.541501987,1257.6755819286,1233.3048561242,1236.0851980687,1231.8678340517,1281.3828651673,1447.2228209817,1545.942249248
Cameroon,CMR,923.8812783216,1000.3265409014,890.5636811237,1027.5673529387,680.6371437294,626.9560402487,679.7651938664,668.9720819718,637.3608604414,675.9238648552,583.0948382393,589.2039194702,648.3996053858,791.1064753902,892.8987776606,915.0912876797,965.3686882781,1070.9546746196,1191.7095543673,1164.7172543709,1147.2423467852,1258.9246506685,1222.1921422044,1331.2000214439,1407.4034132223
"Congo, Rep.",COG,1172.7570716806,1112.1283639155,1166.3344631845,743.4105750148,667.6941418342,777.5775373765,908.72163223,808.2852124374,660.1673277345,776.3632945176,1035.5844624681,877.6263939758,927.2695885749,1049.3175951849,1362.1988328914,1737.6115464311,2144.8349428807,2259.2694131635,3094.1097195938,2428.260232581,2953.1850078768,3453.2212288565,3191.1642988109,3205.4577827894,3147.0721606121
Colombia,COL,1175.1493386873,1181.0815083482,1385.8664381663,1541.712336231,2218.7844738115,2470.6833826149,2553.5496184224,2759.9528824634,2509.1399080286,2164.4328764562,2472.1977758552,2395.856522194,2355.7257525168,2246.2576478801,2740.2498664931,3386.0254776104,3709.0769144106,4674.2117101772,5433.706412432,5148.4113436394,6250.6544997915,7227.7708295564,7885.0612923021,8027.9781597011,7903.9257731165
Comoros,COM,602.274821239,577.2891244812,604.6333472042,581.5867023078,398.36636771,483.5462922565,467.5569374083,418.7347805098,414.0760238167,416.888371902,372.1890022621,391.957280988,428.7898389931,538.6976579663,609.6406980487,614.861327262,640.7429838089,712.1200098454,777.6777743653,754.9928243764,739.8977905762,790.5680955794,750.3146086005,796.7645735883,810.0757667622
Cabo Verde,CPV,899.2987881885,915.5546927308,996.339990257,1331.1258789016,1073.4434259168,1251.8090265423,1256.4931749866,1197.175871268,1242.9874930335,1379.0730931404,1229.0439439953,1258.5569393932,1363.593020455,1759.256354497,1970.891405592,2049.6156926513,2316.4794903215,3145.6538283985,3698.3153970863,3517.3867905754,3393.9274919038,3766.1116544232,3497.6911408698,3623.2224298143,3641.1076558658
Costa Rica,CRI,2391.3022180291,2255.4556514704,2631.9903096946,2884.8479983906,3081.8680296344,3338.8229789315,3292.7738978098,3483.5552272661,3743.1304359625,4104.3636887688,4062.3223078323,4104.1840831196,4145.5860931013,4245.6770205149,4441.4121595225,4700.014925845,5228.0254128651,6024.0784867792,6736.1678185015,6546.5655541988,7985.9510353273,8963.6800519918,9733.3969305402,10461.5768235623,10415.4443817218
Caribbean small states,CSS,2963.1615126414,2893.2558144359,2820.8085553217,2946.6069745697,3100.0704366047,3373.3072480915,3640.2272187555,4034.9558735894,4392.1036884835,4635.6060838792,4989.6383270853,5101.6449800659,5347.4687850504,5705.486737524,6232.6174947077,7021.1665418991,7841.5983738255,8667.5674832904,9822.3586524199,8208.604253613,8699.510835444,9373.2612198572,9586.9228936176,9932.5532463092,10165.3326281428
Cuba,CUB,2706.9754846477,2280.2483046496,2057.2206667943,2071.5108911083,2621.1357782993,2790.0700881216,2283.5646292979,2305.9278313732,2330.814109501,2559.9282198845,2749.4634915646,2841.1764832481,3003.2884678315,3201.2502722955,3398.6200123124,3786.8753292321,4677.7090142711,5193.4842857299,5385.7407270121,5494.9253114112,5688.6667321653,6092.6139017995,6448.1556351432,6789.8495974259,0
Curacao,CUW,0,0,0,0,0,0,0,0,0,0,0,0,0,0,0,0,0,0,0,0,0,0,0,0,0
Cayman Islands,CYM,0,0,0,0,0,0,30190.6686767543,0,0,0,0,0,0,0,0,0,64104.7515979462,0,0,0,0,0,0,0,0
Cyprus,CYP,9641.5752730129,9696.0995933236,11310.0719239521,10526.1417696747,11617.6927784249,15233.3416795295,15105.2100647242,14169.720197273,15035.9052474871,15208.7724566759,14307.3535347433,14723.2104665853,15988.2750382377,20110.1201722943,23578.4293524547,24738.009385173,26455.1323679197,30915.4863902681,34950.3512981385,31673.4577102038,30438.9001948061,31836.6195112171,28868.2738161645,27910.6198333772,27194.3918374826
Czech Republic,CZE,3901.5254371615,2867.2294252582,3338.655157617,3916.051656017,4583.5844993381,5765.048439358,6473.4354520108,5980.2583043072,6447.4635390782,6293.3043871199,5994.5282768654,6594.7174650938,8011.8980737802,9741.0583837682,11667.6321201205,13317.7298342014,15159.1411456575,18333.9459002641,22649.3793400813,19698.4920909142,19763.9637984737,21656.9414181786,19640.9286597038,19813.8715746383,19502.4173306083
Germany,DEU,22219.5725271486,23269.3817972445,26333.537444515,25488.5195189314,27087.5584535617,31729.6997633451,30564.2478058387,27045.7191273318,27340.6728848884,26795.9911316814,23718.746699471,23687.3168928198,25205.164445175,30359.9521525666,34165.9340305131,34696.62091671,36447.8723183195,41814.8190965222,45699.1983232962,41732.707253158,41788.0447853084,45936.0812598523,44010.9313869814,45600.7745095204,47773.9441928693
Djibouti,DJI,768.8000207223,757.2259706422,762.376834339,729.0950137745,756.5869605447,752.8997582576,733.8133988526,733.1436459755,736.5033301551,754.3497353097,762.8838243037,779.7667865708,792.9638512667,822.0970500664,867.6835900203,910.3645073735,974.5642374181,1060.8149402897,1234.0133556656,1279.2519479097,1358.4605000491,1472.0142049737,1586.7801332843,1683.4299228371,1813.5965663026
Dominica,DMA,2344.944440628,2546.7830717498,2701.6717274743,2814.6691240643,3018.8204821795,3139.2244746227,3323.3694131601,3473.6485547632,3676.5166253149,3830.2299792891,4819.8999538392,4925.6296915111,4837.6319338856,4997.1625801392,5329.1357961291,5250.3525611745,5522.2856184803,5953.5487178682,6463.6242173241,6891.4607966654,6937.2560836301,7023.353428216,6768.2944156404,7036.5483878434,7244.4958470864
Denmark,DNK,26861.7995866878,26960.9770963882,29526.1666015122,27553.1220287366,29992.2214710745,35351.3807065346,35650.7243420099,32835.9287666102,33368.1548509045,33440.8016200638,30743.5591735847,30751.6494603843,33228.6929087101,40458.7706402839,46487.5149113562,48816.8358639645,52041.0029728889,58501.1383160235,64181.9946654657,57895.5012246202,57647.668762065,61304.0612046553,57636.1253095393,59818.6315281878,60718.3926958809
Dominican Republic,DOM,984.6914395732,1327.4506935178,1510.0220752273,1704.8506969028,1871.6674311787,2072.6844395041,2258.2582587105,2400.1933770533,2551.9077890508,2575.5638814459,2802.424044068,2862.1630796842,3008.469047675,2372.6297718758,2421.093882172,3681.0654146785,3836.4756486028,4637.2399594497,4996.9426633604,4933.9430497389,5441.9657487917,5820.396299626,5967.0009840552,5968.6694756393,6163.5758566516
Algeria,DZA,2394.4206084226,1721.5820670659,1766.0659189259,1797.5418035855,1499.9840915927,1444.9079361161,1596.0068590016,1611.9619475101,1588.421338282,1580.95756935,1757.0119744415,1732.9585173545,1774.2920207991,2094.893302133,2600.0065197256,3102.0373842267,3467.544740086,3939.5599393981,4912.25194082,3875.8220954243,4473.4864456812,5447.4039755657,5583.6161595013,5491.6144135648,5484.0668056148
East Asia & Pacific (developing only),EAP,418.0555398702,448.6255296618,494.7927684767,528.9308053152,628.2072930018,765.7360997845,868.8751244136,889.0556621396,805.2682391577,876.1589919725,955.565056002,1008.3724103122,1105.9075800253,1239.224286776,1425.3027328466,1634.4586656691,1951.102125116,2448.7822563785,3073.2558902398,3306.3296882843,3980.0688153839,4828.4648551095,5346.7133753975,5846.7964830392,6240.4071477738
East Asia & Pacific (all income levels),EAS,2591.0483251892,2878.1550255788,3100.6300252245,3430.7559716072,3781.7138831785,4219.5308139722,4010.6256887034,3809.1423771021,3359.5296718249,3713.6321122312,3971.1267326523,3661.7490250819,3693.2959786654,4028.7250544095,4483.9282878698,4738.7042912997,4995.2963089359,5561.509737802,6370.1845703851,6513.6708503117,7550.8780563277,8685.0824595397,9239.3133886769,9273.3620745123,9482.0797327263
Europe & Central Asia (developing only),ECA,1728.0653014848,1591.2305291232,1524.7006370054,1565.0530282948,1276.4767576295,1465.1398316598,1518.2216951697,1597.1094099077,1915.8923618617,1733.6928526467,1756.3550980833,1553.8275393588,1793.0037287276,2276.2374437383,2905.9612781933,3600.7216813274,4198.3440198423,5326.8584338833,6358.2277132125,5265.6707079914,5963.3841517104,6633.3998537156,6738.0065066515,7183.4953526671,6895.6690382066
Europe & Central Asia (all income levels),ECS,10481.582916308,10777.0189071426,11511.2027836052,10541.7062828247,11000.7486297389,12548.273337685,12791.3135966617,12110.06547266,12396.161259842,12237.9743535441,11515.0764640659,11618.5343556333,12690.0658158246,15428.0622530455,17937.0842412051,19047.6451140863,20557.7156469473,23949.8420012681,26189.1132071702,22957.3554568456,23433.152702128,25700.805106598,24610.656819612,25513.4645413885,25703.245825993
Ecuador,ECU,1491.4025573628,1623.9895569743,1690.1546674855,1729.3737086967,2028.1982774463,2135.6341186162,2159.150629487,2361.5995204117,2300.4075053044,1584.463443465,1451.2907755099,1903.7418675983,2183.9674646437,2440.4691638575,2708.5582929825,3021.94276733,3350.7841423191,3590.7115134942,4274.9408206207,4255.5555631186,4657.301737458,5223.3775749014,5702.1682878938,6051.6111293869,6345.8407250595
"Egypt, Arab Rep.",EGY,764.7606811311,640.850513525,710.3624067903,774.910867286,846.9980739208,963.5573127743,1063.4334158584,1211.2903076378,1286.7935139004,1351.6140100333,1461.0182594104,1402.759854334,1238.9265575226,1147.7817131685,1071.3233388161,1196.7333085042,1409.1778752298,1681.31448106,2061.6127722526,2349.2868646568,2668.0359882616,2816.6669434778,3226.13137882,3264.4500626753,3365.7074205748
Euro area,EMU,18850.1712991586,19525.496598553,21446.2860325477,19568.0014478474,20613.6410447497,23737.732822405,23969.4269528926,21866.284590835,22423.6222876586,22263.2469907072,20209.6620320881,20445.6100644751,22130.5890206442,27158.5006199237,30979.5772056581,31982.1506224628,33794.478961554,38709.4191922545,42224.9220307662,38479.0658456971,37608.915729751,40431.8655949597,37591.9339032377,38938.4020749642,39639.8123622324
Eritrea,ERI,0,0,150.9520614641,148.4927895566,168.9040979406,182.6796050687,216.554170767,210.5402575161,223.396896565,200.871844206,199.8131951134,205.8460356871,192.507643238,221.5268126892,272.8328325753,262.0745298006,281.3750173483,299.1114518232,306.6651439196,404.1963090455,451.4266932972,544.4624311417,0,0,0
Spain,ESP,13773.3656978541,14782.0389005817,16105.4187285163,13362.0183458364,13465.3778261116,15561.9727455217,16236.7716792911,14872.5658906784,15534.3598889091,15859.0860257836,14787.756063671,15359.1084396669,17019.5354136605,21495.7074076474,24918.6458419994,26510.7174533426,28482.6094833461,32709.4010383771,35578.736189717,32333.4661042498,30737.8322708385,31832.2380807085,28647.8352426892,29370.6638674201,29721.6014855933
Estonia,EST,0,0,0,0,0,3044.3791087955,3352.7302496866,3619.946703733,4052.2926718694,4148.0604583325,4070.0319035943,4498.9587041333,5308.3469611763,7174.2407922503,8850.4678499461,10338.3172625946,12595.414840361,16586.4079613909,18094.5473954875,14726.3139057181,14641.4031443742,17453.7537611724,17490.9931300409,19155.4212505428,20147.7782167553
Ethiopia,ETH,253.3479607253,270.4403308871,203.3416395585,165.1281267266,125.1288854698,133.8986024218,144.6929349947,141.0535554556,124.6775751817,119.2999887639,124.0509504531,120.3531152498,111.5311692954,119.0586587838,135.97636191,161.8769539083,194.0779936744,243.6288454844,325.7949006599,380.2648410333,341.8589561694,355.5889915132,469.7923038898,503.9026065869,573.5659603461
European Union,EUU,15852.7893167693,16419.9822979703,17840.4313208736,16213.5995440281,17178.5503593722,19680.0291366591,20087.5805474967,18913.1977762411,19550.6100922001,19481.3703337353,18076.5036073789,18244.9607424005,19846.6320393441,24093.9986325514,27724.8229661892,28889.2319796027,30710.3198507635,35379.1099962342,37923.7382913992,33820.0216512726,33598.7540711281,36245.7525996838,34150.7109182227,35408.0972608488,36447.8550869944
Fragile and conflict affected situations,FCS,567.2529024175,576.8135270605,541.1479398356,531.3238999378,471.3798945461,493.1407890946,517.3512585162,547.5908301113,528.1236986987,555.5311916969,627.2468426489,575.3933552835,545.0578171214,599.5221815771,671.7222573287,793.96211361,906.0218353269,1099.8053376986,1361.0895003447,1217.1145218152,1379.6780893996,1430.4538089671,1604.1894202856,1584.1743127559,1528.5383851874
Finland,FIN,28380.548911275,25503.2152090109,22337.4871236912,17617.0304386654,20305.5835495475,26273.4659031066,25777.6412996396,24676.4970769622,25989.407503518,26178.7917845508,24253.2504245786,24913.2445163584,26834.0262501804,32816.160880214,37636.1117341753,38969.171631813,41120.6765061581,48288.5490978186,53401.3148725198,47107.1557090705,46205.1660111855,50787.5649828531,47415.5598711351,49492.8280573718,49842.7130622895
Fiji,FJI,1834.9946093428,1881.5801347503,2057.3984002686,2166.0584634503,2383.9182595513,2540.7515183404,2714.2431198615,2641.0680804727,2070.1684333212,2408.1654658158,2076.0133076767,2038.8992411133,2259.055795751,2835.9809174782,3332.914460015,3658.6174768005,3750.0349907742,4079.2288415609,4178.3216907354,3369.8552048594,3651.9582906354,4351.9193341241,4550.2670945237,4765.6589965269,5112.3221174052
France,FRA,21795.2378254833,21782.4162038013,23937.0569176208,22503.2608510696,23625.5289969556,27037.9721319292,27015.2589591084,24359.4250618537,25101.3687369434,24799.2960096043,22465.6418414637,22527.3177509504,24275.2426027905,29691.1815836764,33874.7425478435,34879.7263291899,36544.5085344191,41600.5839748157,45413.065712185,41631.1314123702,40705.7662299421,43807.4759032413,40850.3523734948,42627.6524386524,42725.7394894127
Faroe Islands,FRO,0,0,0,0,0,0,0,0,24502.2575227229,24550.3897333885,22850.4429638732,24566.0638419718,26731.1371367759,31098.0899974115,35008.1685188704,35808.8298627485,40617.3049771172,46878.115456099,49625.4786680383,46429.9206292594,47381.5227624969,50910.4340505074,48695.1711837983,54117.8443779935,0
"Micronesia, Fed. Sts.",FSM,1528.0646936085,1682.1862348178,1756.2024218041,1908.8486294582,1909.3506322072,2065.0042768418,2019.9525576415,1906.8097616722,2029.3266565653,2046.7915182547,2170.9606255236,2239.9169543716,2257.7736649748,2293.579613541,2247.8376730002,2352.6394094051,2393.9364118092,2435.1998477351,2501.5276820584,2669.3750541068,2838.4485470811,2998.6421972245,3147.6792021577,3044.0773728663,3057.0910247179
Gabon,GAB,6250.6432172473,5523.0349203869,5566.7947263746,4245.5142453132,3958.7382822336,4564.2693825,5107.3168808684,4656.9679089136,3821.8085538484,3878.0318528153,4115.0367836235,3981.8587862024,4119.1545955603,4929.322636637,5755.959504232,6865.3234973302,7206.9684081794,8632.7569511636,10523.2702492172,8061.5692764187,9312.0494626889,11530.1472010731,10642.4322523013,10658.7727292505,10772.0617537637
United Kingdom,GBR,19095.4669984608,19900.7266505069,20487.1707852878,18389.0195675099,19709.2380983653,21330.276252903,22462.5094323584,24803.1474321952,26281.0477516525,26675.9155954667,26400.6564382696,25980.2203793473,28301.2083322425,32575.0919626199,38305.8726859929,40047.905967007,42534.3062613449,48428.1574527987,45195.1569273881,37166.2759654944,38292.8711313583,41020.3769643089,41294.5148008666,42294.8901157814,46296.9846725052
Georgia,GEO,1614.6401223992,1314.670670204,757.2235485054,550.0155426092,517.0870879409,569.0181381433,670.4611048091,774.6802032943,805.2726845206,628.8656516455,691.9977101053,733.9704142073,779.3845934799,928.0108227168,1207.3672275029,1530.057520905,1872.6804160672,2492.1287799453,3174.9490006864,2706.5953435304,2964.4770337309,3725.0632212159,4142.8691753655,4274.3768570296,4435.1926985255
Ghana,GHA,402.588881651,438.5203726006,414.5616397031,375.0653336379,333.2178249908,385.7252601996,403.9197548286,392.2518164242,416.3262485488,419.8855508847,264.7025761681,275.4723720594,311.6168250278,375.8807044609,426.1592342406,501.7240745507,929.7266285841,1099.0223125796,1234.0799001109,1095.5032324553,1323.0991405686,1587.1908727476,1641.8259218244,1827.1013677999,1441.6364531117
Guinea,GIN,441.9257439518,473.5100491496,486.5106787075,458.2536495564,448.9177672216,469.7619072767,476.2003676542,454.1618446581,422.2820158741,400.2715164123,340.4142289822,316.3823076953,323.6278426436,371.320959305,387.3679616154,303.7609660517,296.1745762734,407.2065721533,433.0747552342,430.1999535437,430.0564738591,447.7909892855,487.3457142092,521.5389058682,539.6157749888
"Gambia, The",GMB,345.8546783629,727.0369581302,729.0545385821,748.8302522829,720.1160037158,737.5087333118,774.0526743086,713.2061833697,725.0082309088,682.9657144517,637.1055214626,542.5042831013,442.1866880463,360.6773243963,414.9810527582,433.2915831079,440.3139384423,519.9547092523,608.6464388319,549.5395066685,562.5681661425,516.9842549884,504.9890138198,484.1126877099,441.2934114986
Guinea-Bissau,GNB,230.9791210725,238.0602812056,204.8627263617,209.6835936268,203.980392152,215.0663616446,224.0417855571,217.7111120543,163.8000810815,174.2967664313,281.4036602895,291.9505319232,303.0118618743,339.8607487385,370.9340772947,401.1472890458,395.9779938547,455.4358577677,553.4565057722,517.1470465791,518.5983608397,659.4837800241,559.2247519711,538.7338705249,567.8226102976
Equatorial Guinea,GNQ,297.1128768542,284.0969004001,333.3667862521,325.155281449,232.7047551436,316.4025058591,501.1664189593,921.8521525571,746.8571690555,1209.9376945195,1970.2512289388,2661.4214791971,3182.7678737301,4234.6020858073,7276.0756558754,13129.5981770095,14162.0548880632,16186.17320583,23347.6608504426,14451.5242165903,17441.0925450303,22944.9262899318,23278.2300613417,21497.894425719,18918.2768313328
Greece,GRC,9600.1851296597,10188.3697801238,11176.4584362517,10401.9829861914,11091.2838606376,12959.3243186619,13749.1151520996,13427.8324937945,13472.1376415276,13245.1894634121,12076.3861354372,12538.1788278361,14110.3133911078,18477.578411927,21955.1040911595,22551.735744099,24801.1578065035,28827.3263555224,31997.2820108813,29710.9702950284,26919.3616367757,25914.6815458943,22242.681934771,21842.7033068901,21672.6717735205
Grenada,GRD,2295.9762215289,2504.4877960746,2581.4015783255,2545.8206268363,2633.4997714131,2755.990307485,2923.2494528736,3015.4832211693,3364.344384265,3742.3665717748,5117.5395627866,5109.9587152077,5292.2323792941,5773.2991511991,5836.1202118959,6754.3811745034,6764.7228669512,7322.5261714165,7946.6385006439,7394.9461940608,7365.6665353987,7410.7611151649,7583.5463043726,7956.1418313367,8573.6940673666
Greenland,GRL,18326.9285151847,18315.3156087397,18768.8264960747,16797.3573901144,18124.1007573944,21665.8308063995,21422.4622168251,19145.6144069473,20496.5798031634,20170.322763798,19004.0034517255,19275.4328079683,20652.8412682386,24706.2919331832,28416.7776652046,28985.3908702269,31902.5047515616,36070.919815783,40863.2573152497,41097.5563587729,40193.6660251226,44010.3332192995,41471.6558845075,42827.8082665792,43364.8828499176
Guatemala,GTM,835.2990465041,1002.2480271807,1085.426708816,1156.1733888581,1284.6468213686,1415.121844843,1487.1026969096,1636.2131681278,1741.402185934,1605.528018566,1650.3659589763,1561.5957654366,1692.9637759665,1743.1661005711,1860.9887290328,2064.0471832572,2241.0050276384,2472.3891271225,2774.3180597923,2617.1121923449,2805.9513923412,3166.5825233682,3278.6290827145,3432.022105698,3673.1358425127
Guam,GUM,0,0,0,0,0,0,0,0,0,0,0,0,0,0,0,0,0,0,0,0,0,0,0,0,0
Guyana,GUY,550.5930500709,469.2787190825,513.1976055563,614.3454503754,747.8602024266,855.4163519984,966.0541821471,1020.8270440231,973.1657568391,938.6183640372,960.1867601264,936.9162238682,972.2164996042,999.1816472294,1058.9585152401,1110.9577173502,1961.0556232239,2334.0210421643,2569.9950701766,2698.0589910646,2998.9412742409,3408.7254188737,3759.3770949587,3918.406289514,4053.9019037796
High income,HIC,16273.683985798,17088.2863927247,18216.9294243768,18226.7988804226,19345.4132496501,21155.7098215578,21202.4842729539,20799.886145359,20633.5565447414,21456.4199213139,21824.8609306047,21532.489551638,22178.1315650239,24768.2607873659,27540.1234422833,29086.8681107898,30697.4123427971,33560.8821676127,35679.6573335714,32989.5611817704,34639.9966262368,37310.9074217429,37328.5856047082,37554.6368400258,37792.7561528723
"Hong Kong SAR, China",HKG,13485.5448929565,15465.8588553349,17976.4293827655,20395.5173666776,22502.5797409692,23497.4923138193,24818.1545523517,27330.0333502807,25808.970952453,25091.6665997966,25756.6637783278,25230.2163329516,24665.8899982779,23977.0194516698,24928.1003722551,26649.750801707,28224.2150609389,30594.0178410231,31515.6627713018,30697.340383517,32549.998231121,35142.4879344543,36707.7742282554,38364.1949010023,40169.5436383441
Honduras,HND,621.7969546295,608.6915844805,660.1891707455,654.7505193349,629.1574617934,699.5095773732,704.6861480421,796.3177796294,869.1109452671,878.6513500468,1138.14703181,1187.5902331071,1196.5586529374,1228.4783614758,1298.9392897439,1405.7821602946,1547.2666586362,1720.7673599822,1899.5484701365,1975.7960993043,2110.8220208871,2323.7571146246,2395.0734419213,2356.5167036554,2434.8271619068
Heavily indebted poor countries (HIPC),HPC,367.8754615758,368.7052091684,325.3876445973,321.0414267253,277.3164285425,307.7616123989,313.2573600699,319.7365776408,320.5130422298,311.2546557342,328.7129554829,303.4768533211,318.5252528352,353.2287636061,394.6635745624,443.247182046,515.4071346371,596.7751282275,699.4165223274,685.4869036113,737.2407652367,799.982126451,829.9393986188,876.515308693,898.0442810245
Croatia,HRV,0,0,0,,0,4794.9372125133,5268.8056736451,5210.4302391096,5650.3320164862,5135.4733413906,4919.6280687083,5245.4214194414,6053.7160373911,7805.8814183311,9365.7424680119,10224.2405855179,11363.4184456056,13546.6987224454,15893.8605622792,14157.144161951,13509.1858157682,14542.1775991872,13235.9775701749,13574.9780420161,13475.2589621781
Haiti,HTI,0,479.5461962252,305.5542997977,249.4121386874,282.4220625795,359.768548644,365.0034112875,411.6021426566,450.9192276534,494.2337733065,462.4813299137,413.7378803954,393.0157939496,329.7819843955,387.9427209041,465.3101353539,505.5848205458,615.8157846855,674.7493925741,668.2919749321,662.2795181624,740.9478230176,766.8722334253,810.3265495894,824.1597732045
Hungary,HUN,0,3333.9010477041,3716.8695681997,3855.0733951579,4152.9969791594,4472.7626979019,4508.1760808459,4580.0267690718,4735.2920084986,4789.5329538944,4619.5286328264,5266.8500605095,6646.2382549559,8391.1419516143,10254.241027541,11155.9614487481,11392.0680693742,13830.8324125299,15649.7229729163,12948.0766708512,13009.3453790731,14032.7742633362,12819.7120588032,13585.4301761498,14026.574374109
Indonesia,IDN,630.66855677,694.2457565763,740.9177479102,827.8103481459,912.0977029395,1026.270534407,1137.2656479437,1063.5679561759,463.8830020607,671.0056340841,780.0920789543,748.1847461139,900.1308039438,1065.6565461014,1150.3492940893,1263.4814455362,1590.1779059733,1860.6226256934,2167.8576503278,2262.7207861257,3125.2199335997,3647.6266218114,3700.5235380945,3623.5323598871,3491.9297173714
Isle of Man,IMN,0,0,0,0,0,12672.6850645359,14034.3066246133,15997.937052544,18470.1782130714,20657.4369305144,20358.6672866154,20804.495553528,24229.5103479856,28678.8452915927,34634.0519997066,36980.1130792844,41232.9206416727,49593.0750258087,0,0,0,0,0,0,0
India,IND,375.1520193146,309.3279361274,323.524792198,307.4110432417,353.2924952207,381.5274622181,408.2417746859,424.0864737915,421.8215900675,451.0891442306,452.4135846697,460.8261999487,480.6214421667,557.8973658865,640.6005221609,729.0007270401,816.7337761989,1050.0248011225,1022.5775919533,1124.5194455085,1387.880084013,1471.6584392407,1449.6648745251,1455.1021914208,1581.5107030877
Not classified,INX,0,0,0,0,0,0,0,0,0,0,0,0,0,0,0,0,0,0,0,0,0,0,0,0,0
Ireland,IRL,14047.0663846241,14103.0343401901,15732.0394052542,14673.5283402731,15920.7962939074,19179.9806728291,20852.3176878973,22540.2627173327,24261.2923527222,26283.4913807918,26236.3718975808,28212.5921965388,32537.957475029,41170.0672314373,47641.0137716016,50815.6416914227,54285.7507532768,61313.5824086366,61189.7324846509,51900.2671391301,48260.6653583236,52828.4200254714,48976.9297533848,51814.8592992947,54339.3175599219
"Iran, Islamic Rep.",IRN,2222.0946536928,0,0,1083.8566472774,1207.3932978224,1598.4982176594,1963.9625919333,1824.8647435807,1733.4758659235,1757.45313199,1664.2612698256,1899.0204247278,1900.0477306104,2240.8071214457,2649.9135856966,3135.1874076425,3646.8444072572,4705.3882202842,5476.1584219097,5437.8187902042,6299.9187379067,7874.4847920137,7710.5133138845,6631.2982704149,5442.8747707604
Iraq,IRQ,10291.8602001561,0,0,0,0,0,0,0,0,0,0,0,0,0,1391.6095824082,1848.968201055,2350.1942360588,3125.5803023922,4512.9851443381,3725.6754409244,4487.3662893751,5839.3130819128,6649.2481556709,6882.4886842265,6420.139809101
Iceland,ISL,25592.1471482748,27021.7982584605,27345.7060922404,23772.291222982,24214.7097325913,26851.0172202635,27897.001724663,28016.7524045915,30901.0492942581,32187.4455118378,31737.4706097498,28516.0479575589,31864.5750811839,39019.6863190287,46921.1255998367,56445.5361371634,56097.1150887872,68344.5601580173,55229.6107604237,40362.0415881687,41620.0674537296,45970.8936808937,44258.8427932005,47493.2490377262,52036.7318144531
Israel,ISR,11264.0183777458,11956.008599815,12838.4181964946,12530.99864404,13830.2869984256,18028.6355718678,19285.6819353413,19627.138221891,19400.1011996392,19136.7115728094,21052.1043218558,20306.1964622421,18431.1569640406,18946.999415629,19888.1719990387,20611.1793052385,21905.0176947466,25008.6037040998,29657.4420084852,27795.8767084275,30736.3638939294,33707.3249639477,32818.8583768828,36281.1998962546,37206.1829418069
Italy,ITA,20764.6520469427,21892.078396751,23175.2454717818,18683.7579959513,19280.8670794751,20603.8933884774,23028.5053084073,21787.7018501261,22260.8118499567,21945.506342157,20059.2112202286,20409.0033295752,22205.8425305754,27399.1046069552,31188.6228063588,31973.9339439793,33426.1668196693,37716.4482078955,40659.6712170414,36995.1069336424,35877.8719327318,38364.9426699518,34844.4980928484,35420.8776125666,35222.7606011111
Jamaica,JAM,1921.426028301,1692.0815172952,1457.2136325305,1990.8719295231,1995.0639901218,2330.3569386777,2591.4921698165,2940.0639001479,3409.8749741572,3416.7746147082,3448.448873582,3487.9000247186,3706.7777061245,3581.1600158675,3853.6140396783,4238.3158426707,4487.4997068755,4816.5958704922,5119.344952993,4489.2727719206,4902.0347310473,5332.4743612388,5445.8947177414,5226.216036177,5106.0774635319
Jordan,JOR,1312.2803482701,1225.5196595912,1422.7667923194,1435.2887848055,1535.9887321248,1603.6821531395,1601.932771876,1630.1536817998,1733.2649335141,1740.9175979169,1763.1694716871,1824.8861212041,1901.5803614308,1973.8620597291,2156.4398362068,2326.495158611,2719.8224265635,3022.54190638,3797.4136333415,4026.7663495768,4370.7210447601,4665.9542760527,4896.6884466024,5200.2853965901,5422.5708755332
Japan,JPN,25123.6317862131,28540.7714825993,31013.6471483654,35451.2975115738,38814.8943789814,42522.0665906054,37422.8641429074,34304.1489712264,30969.7380327708,35004.0612719044,37299.6441291293,32716.4186748897,31235.5881843914,33690.9377297154,36441.5044939422,35781.1700525965,34075.9789494111,34033.7012549361,37865.6180313874,39322.6047284114,42909.2341523544,46203.7095189836,46679.2654322303,38633.7080591795,36194.4156134427
Kazakhstan,KAZ,1647.4632309038,1512.4850664964,1515.1040589588,1433.4615343114,1320.3216224969,1288.2390521321,1350.3338662339,1445.569414183,1468.701798334,1130.1135923356,1229.000958445,1490.9267511843,1658.0311460152,2068.1236571983,2874.2882912765,3771.2789573385,5291.5756501865,6771.4147968189,8513.5646450681,7165.2770496965,9070.6499719999,11357.945490694,12120.3053397012,13611.5373619663,12601.6211150605
Kenya,KEN,365.6178212227,336.3641883523,327.9748243525,222.724054761,268.6455752529,330.4831218018,428.433876388,454.741776778,476.7185136844,425.5935921016,408.9818682721,407.5540065517,402.170315494,444.233631051,467.3787524933,530.0821578503,711.7211636716,857.9256886542,938.5717623452,942.7431464664,991.8505451432,1012.8797726673,1184.9232560436,1257.20283787,1358.2622185563
Kyrgyz Republic,KGZ,608.9451630534,575.9551333752,513.035921513,449.0657901887,372.3078100168,364.2264973508,394.8601214605,376.4296132611,345.1381316485,258.0493399591,279.6202749923,308.4090313867,321.7265380451,380.5073624355,433.2351189352,476.5518916926,543.1107024031,721.7686908389,966.3936271854,871.2243893379,880.0377751191,1123.8831680627,1177.9747348785,1282.4371620247,1268.8566035996
Cambodia,KHM,0,0,0,253.1931945906,269.5670759823,321.7746398314,318.1495354153,303.6859046501,268.043043439,294.865211978,299.5622376358,319.6924597355,337.8042535258,361.0703476005,407.0849061622,472.4488558628,537.8485827121,629.2828776345,742.9429233362,735.4075239165,782.692789877,879.1512440923,946.4766787104,1024.60886982,1094.576687779
Kiribati,KIR,392.3970541273,648.556547734,665.0033427457,641.9968713677,732.9766097289,741.1916122425,860.0811268041,862.3574228663,822.7153617387,850.8735676248,799.8566111924,734.9492460798,827.3020844632,1014.1353334623,1128.9515140584,1149.6880329926,1110.4604931071,1277.1494053075,1371.8871524757,1264.0977414892,1465.5045744403,1645.809740314,1641.1974191908,1556.5257871958,1509.5211865705
St. Kitts and Nevis,KNA,5112.0521260172,5117.9245928852,5547.2564474533,5967.9702754672,6552.1154553983,6987.9606226727,7345.831052181,8140.3139411402,8221.8347459383,8678.2776186036,9223.7562229951,9963.3887617286,10244.4995172921,9719.1518243618,10349.2253611616,11053.7448191186,12767.8949004004,13556.8946794808,14378.8838995847,13707.1233680594,13226.9525403536,13737.3225063,13642.4959186773,14498.6347742044,15510.3939262063
"Korea, Rep.",KOR,6642.45121753,7675.6931375612,8140.2187056753,8869.0207606918,10275.2775348048,12403.913223896,13254.6374001395,12196.7697802359,8133.7312452003,10432.210803657,11947.5772472444,11255.9478894452,12788.5801805177,14219.1935856009,15921.9391974413,18657.5212532106,20917.0302377023,23101.5102258935,20474.8868492383,18338.7063660256,22151.2088921324,24155.8298493082,24453.9719124644,25997.8810547699,27970.4951469293
Kosovo,KSV,0,0,0,0,0,0,0,0,0,0,1087.7624012089,1490.3610325023,1587.5058285127,1969.5627130741,2135.3328465238,2190.5520790386,2371.6620785632,2788.4794637241,3254.8606736952,3209.6941085705,3283.2119384317,3736.8409993833,3600.8870002769,3890.3006647896,4051.6483607707
Kuwait,KWT,8950.5984806206,5484.8977765156,0,0,0,16610.3690205273,19228.2021324487,18001.0832004438,14687.6000140084,16254.4030036144,19545.1934504188,17532.8577986039,18674.5985340165,22841.6024892137,27437.9824187671,35694.3817052274,42498.7402043786,45159.3414687272,54484.3005124528,36754.9458713815,37725.141206371,47551.3829674489,50903.9046037897,48463.1516704617,43593.7020176514
Latin America & Caribbean (developing only),LAC,2399.1116292855,2901.9735046236,2487.2379499377,2930.6831423569,3377.1667451451,3511.349777156,3764.3199333536,4037.9065779472,3973.386284655,3431.7335233299,3796.2906731383,3634.5086482778,3536.3022856971,3549.2534399598,3965.24546726,4740.8873423829,5472.0762645304,6369.6743476656,7223.0069099825,6631.4525886127,8182.4077340443,9360.1415439985,9156.4412300661,9307.9014245585,9225.603363969
Lao PDR,LAO,203.7647510096,235.177038456,250.7925707546,287.2867048835,325.4709899297,363.0338297313,377.2769222122,344.6695129977,247.8528561091,276.7072609606,324.0196947105,326.0306988987,319.5325358079,362.6677396128,418.1732543289,476.1624057207,591.3647724712,710.9803377681,900.499553549,947.9555257425,1147.0953865827,1300.9796015001,1445.8694501427,1700.9873784573,1793.4704941761
Lebanon,LBN,1050.1167020391,1617.2719181155,1965.3371268485,2597.5933536432,3226.9802265403,3863.2466371115,4457.9398370907,5093.2676889862,5538.6642749175,5509.3202498547,5334.880243574,5253.0975836247,5436.5875068965,5425.6690703017,5424.2179439643,5339.4238804311,5372.4750564404,6015.8021288014,7015.6051778668,8403.1093160567,8763.7959641655,9132.4342022666,9729.2821929339,9870.4862780936,10057.8883563669
Liberia,LBR,182.7971869016,168.4365410491,110.1705943593,79.946210754,65.4731599665,64.8101538472,72.5270395272,125.1009389969,140.573905871,161.1376654734,182.9427573196,173.7378992053,176.8341988873,133.1531498082,149.0590939079,168.2067266787,178.4531393841,209.8116108709,231.4432220589,302.2760707974,326.6044381113,378.8140624487,414.1851554417,453.3394570454,457.8585865203
Libya,LBY,6571.6563423672,7111.2511905041,7370.6297790913,6533.9858197899,5978.0573953623,5236.3818060415,5610.1452349756,6064.3348114509,5287.3562200368,6858.6986843947,7170.3792337066,6283.7436399841,3711.6027740547,4682.6257236816,5807.6462878378,8158.8895537646,9304.3085018859,11219.4329579437,14231.6008927012,10151.6458735245,11933.7792588018,5517.7795692316,13035.1922002032,10454.7925509607,6573.386737262
St. Lucia,LCA,2874.4578490224,3078.4349943305,3367.7363866043,3426.5810743609,3562.9873378218,3814.0037480353,3802.1130917306,4002.8816450396,4295.7259782878,4465.6865309074,4975.472098391,4679.3795828227,4656.4611550096,5007.7788469882,5449.3252845718,5723.3447738004,6410.200060883,6896.0866073189,6915.4188974679,6774.1292104166,7043.5069921638,7195.6698299723,7248.2345049068,7319.5237549609,7647.5295478495
Latin America & Caribbean (all income levels),LCN,2616.4212294367,3162.8377318361,2930.0947873444,3318.7586794855,3747.3368710098,3929.3289120807,4160.2195960151,4481.3362238884,4444.2670640253,3953.0563846238,4303.4570694994,4134.5395731093,3655.7791570367,3716.1719339989,4263.8568181129,5095.0515170386,5905.1218247826,6891.7267043275,7907.0593358007,7343.798065216,8975.7370411723,10051.5590114728,10070.4371823916,10243.1806248036,9985.3064025717
Least developed countries: UN classification,LDC,301.7480355723,301.7166075563,257.3384829453,253.7466838355,228.5497917701,255.5122560755,275.1130765981,284.1791633201,278.5917428323,274.4784987449,304.6615892338,286.346945294,304.7252093329,334.2151591474,378.5307121774,442.8518286901,505.3795612986,592.1264507885,710.0514643589,683.4737392644,750.2079152966,835.1827560707,864.1147320462,897.0640677219,951.999439311
Low income,LIC,285.0423683775,285.849622154,240.3049169295,233.5753218901,196.5713448283,219.8055688052,238.5453953283,241.1693705187,235.4831388912,228.9755721164,260.3146488132,228.3738054086,237.2146664272,251.9770451548,279.3838688201,315.3559450094,342.2691380865,397.4369215406,466.5403937047,477.5670384862,503.9640163743,550.6181099221,580.7538714888,613.8150933798,639.6519620419
Liechtenstein,LIE,49452.387381395,50982.8121223824,55288.5010561343,55916.7681007456,64157.0528752034,78763.8151187882,79931.4646605926,72181.1002675804,76635.6144207376,81116.3992689044,74631.6505530152,74021.9397788888,79088.6272944492,89553.9060681562,99926.9365615594,104995.985501061,113830.0285523,129870.185681614,142254.691640412,125107.671089987,140101.967275142,157092.969386695,149160.758132157,0,0
Sri Lanka,LKA,472.0864633112,521.2464574959,556.812328467,585.8936663131,654.944061753,718.4438443414,757.9482098194,812.7924836135,840.8737674174,821.5964533929,854.9267251522,837.6988034933,903.8964048532,984.8101724934,1063.1605835502,1242.4278383483,1424.1018695031,1614.3644099417,2010.9558584279,2057.0277687792,2746.6121346716,3128.6948225646,3350.6865743124,3611.3423636873,3794.8875863911
Lower middle income,LMC,477.3697498628,448.7261950487,460.0998264977,451.3763629345,480.4856791231,528.7727074467,569.3920414972,577.0893780701,511.6812779601,545.9494974832,567.4690898759,564.1175900404,595.0071891035,669.7926939112,752.858521877,852.1838856864,994.6950957237,1206.8342677622,1321.6722052522,1338.0031416838,1672.2466885166,1840.6504856806,1891.9826435993,1935.2033403058,2008.3843157096
Low & middle income,LMY,724.1550106194,757.3407114609,735.0571734373,783.6785034526,853.9916460513,953.7009069391,1036.6237134331,1076.8893153869,1047.1736231178,1021.1830386846,1091.5425795271,1079.8655302771,1121.0470286253,1241.1215029949,1429.7269562777,1665.1405068031,1934.1251108584,2352.9353605172,2755.2665981581,2725.3655096094,3279.9305629215,3792.3410165504,3970.6695374064,4167.0115116627,4290.6113311149
Lesotho,LSO,340.889869127,373.9610731261,433.970334489,426.1151116088,437.675056138,489.8373656793,458.6029245905,477.2222977684,449.8274486216,435.7061755568,415.500118698,377.4535887102,348.319866858,510.4162979029,645.4959592172,710.5209821,736.3911943572,816.8495856985,826.8315401961,859.8280658839,1087.9827703447,1241.205706234,1158.804222055,1064.8283223839,1034.1852875122
Lithuania,LTU,0,0,0,0,0,2168.7960990121,2328.1538078313,2830.7375333809,3166.8956481412,3113.5464279562,3297.3547008411,3530.1473373189,4146.9879278393,5505.5356688311,6706.9669984393,7863.1620086517,9240.6425479744,12297.9153480396,14961.5681759187,11837.3910271086,11988.757967609,14367.2093249849,14342.5234770018,15692.0129149683,16489.7289835331
Luxembourg,LUX,34990.4635916012,37376.3052300779,41374.0645800025,41892.5243350516,45935.2265794382,53357.8404755291,52396.5940083154,46552.403153968,48055.6820491151,51903.9296812931,48992.3114708881,47680.381715447,52240.8981265786,64669.9397202278,74970.9215792235,79494.2062680935,88680.2380283837,104841.443619716,112851.460090742,101221.810003471,103267.276511115,113239.56097199,105447.093240743,113726.638978771,116612.884151875
Latvia,LVA,0,0,0,0,0,2327.9302676852,2428.2288269184,2681.1175434639,2976.0497617938,3150.0506268627,3351.4690577968,3571.5470051351,4128.6381362996,5128.9718203332,6344.9806643559,7550.142186881,9651.703039569,14019.3785768051,16323.7652773541,12207.587067267,11319.517002394,13781.2097866151,13775.2615846281,15025.8093246281,15692.1915611781
"Macao SAR, China",MAC,8312.1756735294,9377.7395718319,12126.0506618093,13713.3058537843,14979.0412641778,16465.0263708925,16357.4003046856,16199.1352847205,14771.4950504561,13907.5045751927,14127.5666726526,14869.7784192751,15777.5835212807,17584.7896019372,22369.7280123631,25189.6679933942,30368.7865154565,36620.2346271422,40867.5557798492,40876.515267704,53045.9895133661,67012.9634294027,77078.8211832019,90331.8191320008,96038.0507240687
St. Martin (French part),MAF,0,0,0,0,0,0,0,0,0,0,0,0,0,0,0,0,0,0,0,0,0,0,0,0,0
Morocco,MAR,1145.9225736618,1209.890016323,1227.7917737347,1134.9966299861,1262.7334387836,1356.3267841334,1487.6828425655,1321.2878602236,1400.8431941812,1373.908601384,1265.3950382346,1275.4592348754,1352.3170690744,1650.2791908681,1867.3299401079,1931.7610644333,2107.8960174714,2510.976203663,2905.9526796474,2883.8506774115,2857.6734140278,3066.5031577577,2931.4001995337,3156.1751501236,3190.3104441402
Monaco,MCO,84289.5595438943,83727.0488033757,91651.0499568933,85421.7258336278,89415.8281214554,101963.222110443,101315.707697008,90909.1028670077,93110.9810218226,91398.311296276,82537.4464694446,82542.3644408713,89009.2202332333,108889.217254337,123289.494120823,126599.403276628,135629.605720617,170472.284881312,193648.132212747,152877.365748281,145221.191568424,163351.646685562,0,0,0
Moldova,MDA,972.093095246,832.4334053276,626.1293330662,640.8298792685,461.2009904098,476.9873794853,462.1720075975,528.1777629862,448.8413622198,321.0267964814,354.0012789752,407.7302431871,458.6778168363,548.2896866905,720.9409320721,831.2052862106,950.6482043627,1230.4346847203,1695.9728111438,1525.5261188276,1631.5358317953,1970.5713725334,2046.5367866511,2243.979662444,2238.9017737728
Madagascar,MDG,266.8922555689,222.9855792046,246.6148460878,266.5990563414,228.3049758815,234.8927801347,287.7714084755,247.4504540765,252.7817806614,243.5667860352,246.2826349005,278.9874569873,262.7418133424,317.4220231481,245.6704573167,275.5158270961,292.9908930587,379.0672519752,472.3791007953,417.1783091928,414.1427872187,456.3293071343,444.9584937502,462.9739991372,449.4008297456
Maldives,MDV,986.6468130073,1076.9528312023,1217.3220451366,1331.9282741147,1452.5893187301,1564.6625685108,1719.0165189024,1925.0894029505,1992.9756369781,2104.4276914674,2182.9970114847,3028.3430421255,3066.882665957,3432.2478306641,3853.333411554,3488.4937756583,4428.5229014481,5002.8622927997,5850.2033171132,6017.5838592487,6330.7949828376,6497.55044562,6529.9780714124,7100.9157789199,7635.4841513313
Middle East & North Africa (all income levels),MEA,2127.8155914828,2076.2814390872,2222.0189965216,2188.0994485714,2229.2559911733,2472.2844190187,2743.3293433037,2788.2186077563,2655.9135040712,2789.6767149343,3051.5152310478,3004.8564417204,2937.4354031805,3246.6765158065,3702.9312618824,4375.4746837288,5018.7905354619,5838.6823800974,7140.1305308178,6233.3196560644,7108.7042002346,8346.3966274339,8849.731657768,8737.8002296891,8432.3295476394
Mexico,MEX,3068.702424242,3600.0451853224,4080.4521751764,5544.9324622148,5690.6747131306,3640.8334188728,4131.8057059322,4907.3331516863,5038.6297747096,5722.1221385731,6649.7165342157,6952.2890393048,7023.7872759469,6673.1669738041,7115.1217687272,7893.9682337565,8666.3353533106,9219.8177828529,9578.570699612,7647.6847472834,8851.3505140582,9715.1125963615,9703.3710171782,10172.7225491296,10325.6460658759
Marshall Islands,MHL,1659.11205074,1701.8419587055,1844.0524887611,1987.1533605051,2136.7617691836,2356.5268522148,2156.8963169057,2056.0014959475,2093.5647315685,2073.4866951993,2126.8328715439,2206.6561156159,2391.3474033358,2434.7613057987,2517.6933890156,2645.9814053556,2758.382925515,2878.4648771944,2925.9004827352,2907.6314679531,3124.3434477546,3290.0291851617,3502.2607042871,3602.8539441022,3529.7483033974
Middle income,MIC,763.3933818268,799.6911574285,779.4502895306,833.3384658441,913.3700223591,1020.8120682935,1110.4792445213,1155.0603347497,1124.0164739342,1097.1087457024,1172.452337975,1163.5300849255,1209.1465736147,1341.0587222231,1547.5646349124,1805.3611242916,2101.6995307379,2561.6942061864,3003.3168078527,2972.7140452107,3589.7261247435,4159.5152066162,4360.630884194,4582.0864470679,4723.6307735074
"Macedonia, FYR",MKD,2240.1403356974,2360.9977670935,1171.7652373663,1297.8593793467,1728.5199397046,2277.5915702215,2258.159241723,1896.7281723468,1799.7013986016,1837.2302082466,1875.1271315924,1835.014520759,1980.752877669,2431.83677608,2787.773056349,3063.5954258157,3351.3025901849,4063.7459398208,4821.5405747127,4566.3413322114,4561.1775464492,5079.9620789636,4709.5116277774,5195.2834883947,5455.5948890016
Mali,MLI,316.1858565363,314.1085156904,318.3700932081,308.6345744513,221.859916014,280.7307871873,280.8210862933,265.2542972098,279.5986936706,273.7017727373,240.3780565481,265.2605844099,272.0337397103,349.2081239925,399.3849184338,425.9107028484,460.0055722655,519.31431313,614.3157547536,610.0541523214,610.7906020952,680.8279074879,641.7938200842,659.5201611458,704.5074400243
Malta,MLT,7192.394285355,7688.0275070728,8365.013099521,7428.4756012887,8149.4163242973,9717.5019381883,9852.3100107592,9683.1454079747,10091.2797969916,10301.4232851886,10377.0373182486,9967.7904065929,10849.7502791421,12844.5879877177,14064.2295970135,14834.4323706421,15705.3402150582,18356.968284457,20895.7805043413,19636.0062766561,19694.0831567142,22347.708423805,21176.3099827802,22776.1946886632,0
Myanmar,MMR,0,0,0,0,0,0,0,0,0,0,0,0,0,0,0,0,0,0,0,0,0,0,1421.4973508006,1106.9838241779,1203.8446629383
Middle East & North Africa (developing only),MNA,0,0,0,1192.9623877552,1198.0446231299,1337.9027436231,1521.7536278411,1531.8161474313,1525.2808977112,1582.7282590117,1610.7554354734,1638.025263121,1562.2831120656,1731.8711431645,1949.6697819703,2261.6011933248,2583.2602400973,3152.7204412588,3831.0848193538,3623.2237267371,4100.7697192666,4654.4059779928,4953.247959159,4719.4253748087,4356.8756359945
Montenegro,MNE,0,0,0,0,0,0,0,0,0,0,1627.0428933387,1909.6354349023,2106.3390131291,2789.0815815388,3380.1995346968,3674.5265295146,4383.595097082,5957.1456931201,7325.7034740518,6698.079438624,6682.2811577458,7318.7446902672,6586.7212793222,7186.4297868215,7378.3452890295
Mongolia,MNG,1172.4430658221,1072.6348679465,587.3003521496,339.5194007341,405.9719883099,631.9151609594,580.9100758004,505.6031387001,477.3501300451,445.0063898698,474.2129565711,524.0247660076,571.5383906056,646.1191681137,797.9051521446,998.8222993774,1334.4057115741,1633.384335055,2138.3767404814,1717.0731367761,2650.346884884,3772.9315473841,4377.2388701044,4387.7070561013,4129.3735483622
Northern Mariana Islands,MNP,0,0,0,0,0,0,0,0,0,0,0,0,0,0,0,0,0,0,0,0,0,0,0,0,0
Mozambique,MOZ,187.86381728,237.8860719541,161.3051155749,162.0765428632,160.1679279322,158.4693492229,214.7273267376,250.5363079972,281.4076755083,298.3297188866,274.6562556261,253.6631645882,260.0436726088,280.8725682763,332.8829119532,365.5968499197,382.3779583218,418.9129863554,499.8870858182,461.4252186979,417.5012315332,524.8914529413,564.8124630943,605.2344447224,585.6226826367
Mauritania,MRT,503.8387137218,693.8203377194,684.2155898361,567.5889709525,580.5384571059,606.3913116635,600.1377127471,566.1714107357,538.958965454,534.5120053563,477.1129880985,463.2714184683,459.1255458792,525.4587742557,598.2105479045,692.5759653987,937.9827017149,1008.5547052373,1180.5495140793,1045.7904084956,1207.8274574751,1390.928621698,1282.7851012859,1306.0076522152,1274.9769489686
Mauritius,MUS,2506.184932713,2669.3262815885,2973.2053880177,2973.7936089484,3197.3369560052,3599.5517508176,3899.4424332067,3646.6378419097,3593.2415685611,3651.2310783089,3861.0385424078,3792.1875762733,3957.5129049256,4623.3517835151,5229.8735672438,5116.0396422591,5455.0656303796,6285.7890498112,7749.3184383752,7082.2957001442,7772.1000565275,8984.6297685987,9113.64064294,9479.8695901545,10016.6486405725
Malawi,MWI,199.8920811562,229.4346494731,185.8457705723,213.5208354447,121.5144013218,142.2661985428,227.9496562369,259.5642988529,165.7193407113,163.1898021987,155.764358225,149.3672431695,226.0768307473,200.5426970837,211.5738168116,216.1146186207,237.698259172,270.2411460177,307.577897588,351.0797566256,365.5165695426,369.6043471896,270.0875312883,239.8697313903,255.0445695732
Malaysia,MYS,2417.4369020498,2626.5749754076,3080.8686153878,3395.5259469214,3685.9351383642,4280.0165718905,4743.6884869733,4585.6910349637,3227.8084180792,3456.5003954359,4004.5571912748,3878.7714093459,4132.6677407283,4431.2394550148,4924.5858520004,5564.1732305015,6194.6719054165,7240.6819666796,8486.5993327354,7312.0083136334,9069.041756995,10427.7560500121,10834.6590783671,10973.6559383179,11307.064952828
North America,NAC,23689.4710109231,24123.9483779082,25013.406866732,25813.9885020957,26981.511581016,27961.9304170491,29184.5110043884,30598.9597449898,31759.9976406125,33392.3044949251,35232.9984630427,35930.8491772686,36777.868886872,38535.6966175216,40933.4748613302,43498.181200198,45834.9557269967,47702.4652807684,48213.007827818,46393.4649786254,48291.4597271455,50016.8270592835,51590.5658891017,52919.0693820568,54194.6053820553
Namibia,NAM,1981.25191624,2054.86339616,2278.0946801787,2063.8135150694,2264.6547421447,2383.2939424579,2313.5093030256,2333.573585313,2114.1971084664,2056.1639609711,2059.4090146716,1836.7553207403,1716.8958828421,2489.8939462246,3298.9016504906,3582.2598203477,3884.6468337472,4195.9363933353,4011.3011688847,4123.9399972969,5143.1306757925,5539.6151596693,5679.958215209,5435.4893201641,5408.2434909387
New Caledonia,NCL,14800.0286943521,15133.1622384558,16261.2969282208,16640.8023536798,16037.0252427091,18721.0564384262,18257.2150489301,16341.5873485558,15387.8695836451,14611.8328032133,12579.5951055864,0,0,0,0,0,0,0,0,0,0,0,0,0,0
Niger,NER,313.5376232441,284.9839053975,277.7654526978,183.9772967403,172.9386000723,200.8994916515,204.8882929687,183.4781735331,199.0612129469,186.49965458,160.2183423174,167.0912300766,179.7352704941,218.0471229696,234.9104278657,252.5046154867,260.5637700083,295.3931987199,358.1914055305,344.3756411101,351.0062183468,378.200546574,393.6434230449,418.4924220477,427.3732403154
Nigeria,NGA,321.6683708941,279.2757823145,291.2834845053,153.0756654876,171.0247982128,263.2880378745,314.7399021205,314.2998493635,273.8697972443,299.3567659484,377.5002693468,350.260182194,457.3970475536,510.2962952817,645.7638711788,804.0059951702,1014.7347416177,1131.1476946253,1376.8574487829,1091.9685272245,2314.9635366535,2514.1486215193,2739.8521890391,2979.834678858,3203.2968244943
Nicaragua,NIC,243.561319383,351.3978395775,413.919879906,396.7974008734,854.5495268897,897.7156164622,916.5190994565,917.1286484542,951.8731567822,981.0202910225,1016.0215515367,1043.6007578696,1010.1468863731,1015.5658950617,1091.5051566246,1175.116443418,1245.1420954106,1350.5872226616,1517.8036108171,1478.9713887084,1523.4814692424,1679.7482002536,1779.8670876132,1824.9880756576,1963.0548840336
Netherlands,NLD,21019.125671934,21454.8628923695,23598.9507648691,22827.3000431587,24331.7540182404,28884.7135222434,28698.6660159512,26404.986730145,27533.6067928156,27951.734289323,25921.1279408277,26584.1216906272,28817.3232079888,35245.1640746805,39954.6422157907,41577.1600883755,44453.9711946212,51241.3156170166,56928.8204756806,51900.3400948453,50341.251919716,53537.2751512189,49474.705606422,51425.0789882648,52138.6839244096
High income: nonOECD,NOC,4773.4724860684,5141.9560670585,5409.5355537517,5459.3736912217,5587.2277444088,5861.5002636665,6101.6528964848,6438.0511404844,5752.2441687403,5629.7529189111,6279.5181624672,6241.2658926035,5775.6516099835,6430.0658297643,7823.3636709354,9354.4278012659,10999.0086772893,13069.9840246508,15731.9899910091,13137.4487603292,15446.9366902974,17996.4873569592,19099.9965087537,19532.764128435,18617.6136492259
Norway,NOR,28242.943738533,28596.9330036444,30523.9850558974,27963.6652188271,29315.8419070199,34875.1973878148,37321.4433901355,36628.5174155741,34788.7785642698,36371.3957875661,38146.7153917477,38549.5893413937,43061.1503812416,50111.6544494522,57570.2691601943,66775.3943971756,74114.697150083,85128.6575906714,96880.5096146393,80017.7768095085,87646.2700974708,100575.117263444,101563.702677597,102832.258689863,97299.636068076
Nepal,NPL,193.555631286,203.8472966711,172.0775864947,180.1850078558,194.9610926499,205.7465272119,206.4409707786,219.6310635259,212.3742546471,215.8966734541,231.4329675705,248.8329359029,246.8035835369,254.5539382341,288.6695954321,318.7480983451,350.6084650142,396.1697727924,476.5565582354,483.4034114547,595.42751983,695.8831982943,685.496758554,692.336309426,701.6800633995
New Zealand,NZL,13663.03308699,12230.0882500412,11793.1614624339,13094.322241959,15280.2421339277,17400.3388746115,18794.5078516466,17474.1760599056,14738.4800207116,15322.245999552,13641.0560259004,13882.8949661011,16895.4540659785,21941.0582092097,25461.1340621386,27833.6031112777,26630.3641512637,32382.2691095373,30972.1195839865,27998.5664382058,33394.0729963486,37896.8539665922,39504.9609388617,42308.1838247083,44342.1644241792
High income: OECD,OEC,19701.4079690159,20650.9236452129,22008.5805481434,22008.4202076827,23418.8434883277,25713.9527148529,25705.2884487578,25085.6632719242,25074.0091986197,26176.6024259993,26456.5884819283,26084.3092236846,27052.2583697826,30209.9970738849,33392.6294082197,34952.4378230584,36566.639381273,39689.62311619,41677.532237955,38977.6827337202,40462.018917045,43198.2744239287,42925.0274342757,43108.6506636541,43697.2196239015
OECD members,OED,17510.3929035177,18353.1316481272,19552.7589834434,19667.9662773862,20828.2173156567,22641.7462736145,22654.637668821,22164.7003457696,22205.9380515193,23165.9788995122,23475.4744905522,23099.5952706668,23942.7577923476,26643.9672713329,29447.4698469548,30893.3920557223,32345.9396904608,35113.3358660239,36865.1950596589,34255.7990475316,35673.8894305974,38061.0792669298,37788.7905777632,37979.9366878549,38422.5838587063
Oman,OMN,6448.1348534245,5993.3481710436,6289.3012942506,6046.2302650483,6038.1491791909,6297.1976273318,6882.5946355649,7109.6604749562,6330.7267454606,7059.2147245801,8710.9878050834,8559.5658108199,8670.2637844607,9070.4946985076,10115.0436104014,12398.5943454954,14575.1603991844,16225.6599871528,22963.3781637315,17518.8333143066,19920.6495686354,21164.3357574377,21533.807603293,20011.3477786118,19309.6124499023
Other small states,OSS,1544.5343898438,1546.3211776817,1633.7876713402,1517.6658290693,1531.0166257769,1694.6735756583,1754.4887020645,1734.6985100799,1601.1132784866,1662.9934121771,1734.8577689241,1702.8940540761,1718.7686097258,2169.5119554332,2650.5249106326,3051.8897850128,3256.6454689224,3706.3449806589,4290.9362442199,3665.3988131128,4229.451165675,5023.3518652095,4887.0732697661,4822.0497210634,4799.4063168169
Pakistan,PAK,371.8177069668,410.8302765013,428.0656441165,441.5721331324,434.0301412132,494.5852085115,503.7494519856,484.5586947377,471.1023570765,465.9272423126,534.9158370039,511.8111260591,501.185454468,565.3238448029,652.0202130187,714.0368100028,876.9511088541,953.7956859753,1042.8017054166,1009.7993193028,1043.3002050381,1230.8154275681,1266.3807581145,1275.363647567,1316.6141096974
Panama,PAN,2150.2138801543,2315.7071958036,2578.8539721123,2759.2427804183,2882.8576966661,2887.4138324583,3335.4622528262,3534.8484386409,3755.0882175241,3857.0894214618,3836.7300580338,3825.0509331893,3902.5314749002,4038.4560739994,4348.6634866901,4659.0230894999,5072.2192624164,6142.9479658841,7112.3987081982,7283.5569805144,7958.5836896832,9036.0374135757,10138.5211288862,11206.4247074704,11948.8511416186
Peru,PER,1177.9201205271,1514.7206859452,1547.2943175398,1476.2547827325,1849.835920655,2162.7571992343,2208.4017124955,2289.1620098773,2164.0885086591,1929.9838125249,1967.2432102088,1964.5730392987,2046.3774244284,2191.3715595059,2445.4464875817,2714.4801159352,3143.5500310734,3611.2048430378,4244.5396616024,4178.8207671007,5056.3031310642,5731.3465632302,6388.8450978557,6603.8095961814,6541.0305636068
Philippines,PHL,715.3107014742,715.1252434225,814.0325683889,815.6645634038,939.1022022973,1061.3478986676,1159.7309343973,1127.3456165846,967.1935905933,1087.958344358,1039.7017956415,958.0115790406,1000.7777284449,1011.2866443898,1080.0861840208,1196.5398492383,1395.2126330001,1678.8519884121,1929.1328970269,1836.8741202308,2145.2400070734,2371.8535366282,2604.655996837,2786.9504684183,2872.5121647166
Palau,PLW,5095.6325800252,5420.1409087971,5187.555052221,4644.0501682472,4970.3659625112,5519.3856853086,6114.8912122068,6246.9237984881,6333.4053120276,6011.4948617438,7826.9910409232,8283.8302357224,8386.6772812109,8149.1209879864,8873.5966279744,9721.5005877282,9719.1414579153,9726.1123901034,9837.3505069462,9183.1353703402,9004.6372164289,9765.3055031593,10397.7580261948,10926.3178965677,11879.6778117315
Papua New Guinea,PNG,774.3639918969,888.6466039393,1001.9629894858,1110.2450783797,1197.2349134522,983.0753346796,1065.1144977461,993.4574036911,742.7872918338,663.9585832842,655.2502301889,558.8829823462,530.58405865,610.2002910919,661.125039041,799.4164059234,886.4202669456,992.6737493163,1223.2029780024,1210.8717231987,1418.9235906922,1838.6991986867,2151.2102765496,2108.8410381879,2268.1587169891
Poland,POL,1698.0069224016,2192.6659795969,2411.8594960694,2449.3019080321,2819.6894664051,3612.159514482,4066.8420292196,4076.3528382021,4483.2368876751,4351.3746047946,4492.7276035594,4981.1986188017,5196.9329210389,5693.377763226,6639.9630515764,7976.0667676403,8999.7396266064,11247.5514811334,13906.2181999449,11440.5781321257,12597.4587924553,13891.14168806,13142.0459946086,13776.4547643996,14336.7977208633
Puerto Rico,PRI,8652.5074922251,9064.0185171149,9659.3388999592,10212.2767630564,10876.4188239898,11579.1849969985,12173.163688986,12817.6449621352,14304.4073670605,15220.9792370215,16192.129596219,18243.7177481569,18972.7685297569,19820.2072870642,20988.9923326534,21959.3227075956,22935.9411493385,23664.8823530538,24898.3388400438,25768.7360476525,26435.7259802226,27219.3933390493,27752.0427446427,28681.700710182,0
"Korea, Dem. Peoples Rep.",PRK,0,0,0,0,0,0,0,0,0,0,0,0,0,0,0,0,0,0,0,0,0,0,0,0,0
Portugal,PRT,7885.3940191922,8959.8672080538,10811.630636571,9535.5948491087,9978.3019369786,11782.5214789678,12185.0638930534,11578.4415149862,12202.6914067704,12474.8180820119,11502.3968126428,11729.1461629811,12882.2889730308,15772.7333950542,18045.5880994833,18784.9484992149,19821.4446268632,22780.0584505513,24815.6088356622,23063.9716141302,22539.9960076117,23194.7409567701,20577.4026375899,21618.7353389663,22124.3669649875
Paraguay,PRY,1351.5787788105,1615.4796067781,1614.6733759271,1596.1448794593,1692.2396245508,1903.4679936311,2009.6499026995,2000.9102774362,1773.2412796954,1614.9037273537,1545.6255480918,1417.2603196823,1148.2290485116,1174.7797654949,1408.5274825574,1507.1459510857,1809.7102314292,2312.1925382242,3059.9850992135,2599.592016272,3225.5917537364,3983.4985035205,3858.0364922747,4497.4351663862,4712.8233115125
Pacific island small states,PSS,1410.5063416101,1484.0817292251,1600.6162724631,1657.7918880851,1877.7416551825,1996.5059312204,2112.7953019286,2082.358888869,1767.9818109836,1901.3445064617,1752.7402457547,1696.5328233133,1771.2802666252,2058.6182237312,2352.4717362049,2546.2432595062,2640.7026931583,2870.2435366216,3021.9894672102,2649.7348583783,2890.8944345567,3386.8468791,3537.2813291837,3599.7463276179,3760.707986468
French Polynesia,PYF,16036.7308807556,16173.4858424675,17334.4007631356,17732.7484168018,16647.1582038702,18505.4593212225,18034.7537588535,15943.318904918,16530.1725080536,16299.2842798506,14530.2260236,0,0,0,0,0,0,0,0,0,0,0,0,0,0
Qatar,QAT,15447.5950850833,14189.4822320454,15614.9758275331,14542.3751398971,14892.4949750106,16242.7212900548,17698.7254126397,21388.7240855197,18693.3258250231,21717.8373661499,29926.3633512513,28577.3016008302,30523.4907717931,35221.5264325297,43346.8642555975,53207.3336473736,61593.6729672606,67612.4940409837,82990.0709631041,61463.9035819678,70870.2265835221,89115.9014908449,94407.406919562,96076.9963757655,96732.4025450739
Romania,ROU,1650.6929783755,1260.7490454513,1102.1037847325,1158.1325159134,1323.1043250493,1564.1804947186,1561.9209409212,1564.4865066478,1864.9913869855,1610.1343704598,1668.1627311968,1839.729450114,2124.8736133584,2774.9558064905,3552.9245198174,4676.3151832595,5828.7406231023,8214.1873420062,10136.4716262399,8220.1083289951,8297.4836207238,9200.2778247049,8577.2892144382,9587.1777635884,10000.0026233174
Russian Federation,RUS,3485.1122022467,3485.0560001276,3095.6597791412,2929.4621185755,2663.3945990755,2665.7397218956,2643.8976964979,2737.5566623407,1834.8469373329,1330.7514639504,1771.58660191,2100.3623859404,2375.059043945,2975.1327783493,4102.3722935488,5323.4738765559,6920.1943978361,9101.2567060889,11635.2742379874,8562.813696954,10674.9972024184,13323.8833754364,14078.8305693118,14487.2798702588,12735.9184024927
Rwanda,RWA,351.2778271036,270.3286653836,302.2568044434,312.9228082155,125.6901274894,218.7703011895,226.6981976461,284.5872453185,282.2886646374,239.6336090159,216.2758943836,201.0640419342,196.4447015069,212.5120519456,236.6292142316,286.5674694368,336.9422810401,398.2084858803,491.9404166077,529.5965561776,553.5974576107,606.9028863997,667.4145823344,678.9981669441,695.6892586009
South Asia,SAS,363.6765621691,316.1950789061,328.6608689867,318.5834949191,354.0888097477,385.362367375,413.2093901278,425.0667823013,422.774551526,444.5723928943,453.8482631032,457.6179207233,473.181236024,542.6738657337,618.7216332507,697.4291381912,784.8389214594,978.8987460354,981.0786822516,1062.8387849229,1285.1022839499,1382.5299244181,1374.2788532614,1390.686759333,1504.0433104744
Saudi Arabia,SAU,7137.3920237311,7775.7015416448,7834.2362079702,7386.6682125028,7310.9503451911,7555.9653320832,8159.9806741278,8328.9709848724,7180.1504399057,7728.6763880296,8808.8753666647,8315.7393019921,8317.9085747894,9186.3103884354,10756.0162185009,13273.6534986384,14826.9166983811,15947.4057864239,19436.8571597589,15655.0833675338,18753.9812332079,23256.0956126438,24883.1897146534,24646.0208730264,24406.4764554706
Sudan,SDN,481.4966694901,428.4327165836,256.5928500423,313.6932870484,437.6980634959,458.7780295952,290.4369042815,365.5484798213,342.2699903363,315.9880040542,352.5015707331,368.5180133836,402.2254330961,466.0338721684,550.7465691074,661.6262771384,868.3227750224,1081.1593205797,1248.3552690617,1183.206774887,1421.5329424295,1596.4452095571,1662.28764085,1726.0801560363,1875.8432874165
Senegal,SEN,760.778760771,724.8458954717,751.480880027,689.6680371172,457.4790203885,560.0805181586,566.6833210376,509.9214334448,535.8884987169,534.855206176,474.5771245415,482.0680429139,513.3918328235,642.6259945453,732.3181055903,772.6524453737,808.2884238566,948.5067591839,1094.5764761858,1018.3895512169,998.1196955021,1081.1315180002,1019.2722302587,1051.3764212864,1067.131753327
Singapore,SGP,11864.5336894003,14505.0203890834,16144.008192197,18302.430396422,21578.4605325312,24936.8308288424,26263.0162675193,26386.457446122,21824.0355777162,21795.6969567352,23792.6070703118,21577.0782270996,22016.8327916368,23573.6280388506,27405.2713554901,29869.8539805446,33579.8594757016,39223.5818748702,39721.0481819946,38577.5582156126,46569.6795060716,53121.3540170131,54576.7572472464,55980.1510418784,56284.3314404291
Solomon Islands,SLB,970.0689336513,998.7252017509,1147.867918438,1210.4133735577,1330.7276693271,1445.6627306688,1529.7932279863,1495.0797606783,1206.6332420559,1201.5730436609,1055.2103564045,945.5289267085,785.6255584933,745.4571873255,819.3012296863,881.9647785153,950.0576950888,1048.7714859722,1208.3441955852,1161.2288099161,1276.3485131046,1648.8541272698,1866.7072455098,1889.9918179213,2024.1904146843
Sierra Leone,SLE,165.2532317803,197.6688858284,173.0635021735,197.4406409429,236.3358887822,226.889663656,245.6898333287,221.2109347023,173.3609027639,169.5159969795,156.5918666417,255.7885643839,280.181171383,295.0797750752,293.854506622,320.995366803,359.5337138352,400.3809370649,453.7363655061,434.5343628859,446.3417656946,490.8789047393,618.94725293,783.0111438242,765.9591972967
El Salvador,SLV,914.0946390403,998.0126188182,1104.3292257511,1270.2692904984,1462.6596324321,1699.9350301132,1827.8994280538,1956.0985893224,2093.4872713484,2158.1429654793,2259.8882693868,2363.2710311395,2435.4727481619,2549.886636494,2666.3396954881,2874.2572562645,3108.592529337,3358.4212518546,3569.3353934472,3431.2800679181,3547.0709831532,3821.3385898552,3921.7203951166,3998.7394993862,4119.9920231917
San Marino,SMR,0,0,0,0,0,0,0,0,0,31493.2974031007,28224.2028597647,29354.5509006803,31268.4674125473,39375.2287992645,45597.515995166,47035.6543494594,49682.0936590572,56489.5013763457,62993.3672242481,0,0,0,0,0,0
Somalia,SOM,0,0,0,0,0,0,0,0,0,0,0,0,0,0,0,0,0,0,0,0,0,0,0,521.2230393439,542.6158839557
Serbia,SRB,0,0,0,0,0,2196.618466519,2749.9664390834,3178.8314843329,2416.0690774312,2441.4303890442,870.1365251593,1634.8750606895,2148.9035373961,2832.4906523085,3331.228765606,3528.1310077579,4129.7587410283,5458.1217184217,6701.7739127801,5821.3053970568,5411.8774039191,6423.2917833458,5659.3802040369,6353.8263827933,6152.9206337474
Sub-Saharan Africa (developing only),SSA,595.8008319727,597.9797783904,570.1308686242,533.386256262,504.6500183374,570.2507553816,574.0082796071,577.6288580108,530.4698525598,519.297189132,541.5025083678,489.7525538218,513.3164376746,639.6023090664,772.371424231,885.5526283622,1007.4495042876,1130.2196920866,1249.206107875,1159.4662219794,1515.5269201753,1663.1762226147,1695.3601366652,1740.4104852916,1775.546494709
South Sudan,SSD,0,0,0,0,0,0,0,0,0,0,0,0,0,0,0,0,0,0,1688.6540468885,1271.0317282658,1563.9041953666,1696.1456672217,944.2828115784,1157.486957878,1115.0935156088
Sub-Saharan Africa (all income levels),SSF,596.2098986456,598.3682158807,570.6727336289,534.0061653747,505.2240259733,570.842215135,574.7073095282,578.7293260022,531.5269020175,520.7305260458,543.4887969932,492.3390846684,516.3981193373,643.4229463827,778.7324999073,896.7309562934,1019.5009236289,1143.8600146905,1268.6151322994,1171.5050739594,1529.9160836769,1682.1298333643,1714.6579764723,1758.4962574974,1791.2494583042
Small states,SST,1932.1318091011,1913.9096498156,1952.8100503292,1916.8964269767,1982.470467218,2167.1574988954,2284.5561921771,2373.5524302828,2355.2147706863,2465.0078357103,2587.2631571297,2584.3446872515,2656.7020938109,3063.269099662,3534.0727570733,4009.7136119623,4351.6802628015,4868.268396695,5549.2742568463,4692.4014896606,5204.4754115737,5936.1039516903,5894.9051338588,5924.849057336,5963.445999493
Sao Tome and Principe,STP,0,0,0,0,0,0,0,0,0,0,0,515.9195477004,562.8262369864,658.280139874,703.662556707,824.0121598296,858.58783098,911.057012003,1158.9308012002,1151.6919645504,1142.1823112953,1374.1319209888,1488.0480031256,1675.7475715527,1810.7215665104
Suriname,SUR,951.0723138269,1077.468106175,955.2095039332,995.1105187666,1381.5198898271,1556.5811816955,1897.1128212384,2014.0163225867,2014.4614886124,1861.5965243379,1855.77231028,1576.7240462996,2217.6978015542,2606.8277245584,3033.0188885727,3645.8949979686,5295.6236481658,5862.0509745583,6973.0982392593,7561.4507007808,8430.9059650623,8448.5042608346,9422.2709943523,9618.3505312758,9680.1159136737
Slovak Republic,SVK,2395.5645824043,2680.0410261774,2908.8108322784,3089.4382764857,3755.7277365689,4799.1510511761,5177.7488642501,5138.1486791594,5533.5888448764,5636.5795322278,5402.9297536132,5708.0826593527,6524.861878156,8696.9132419141,10654.7937072937,11631.3545704906,13100.3652701628,16014.5986924985,18604.3192257127,16460.222396523,16554.889115691,18138.7275365668,17207.2792064847,18109.5002134933,18500.6646092218
Slovenia,SVN,0,0,0,0,0,10690.6619764623,10801.4311015494,10447.9377477966,11165.2750214767,11441.9962270358,10227.7348765409,10479.2977776263,11814.1020929149,14880.4689893241,17260.9023870701,18169.1797892301,19726.1257457623,23841.317105206,27501.8102703687,24633.7960813766,23438.8665610126,24983.6937254463,22477.5975627822,23144.122520269,24001.9013862278
Sweden,SWE,30162.3157718195,31374.1169876676,32338.5039496678,24080.8996705645,25747.2416875525,29914.331746409,32587.2641044641,29897.7926311935,30143.627458278,30577.0817743892,29283.0050461572,26969.2445747257,29571.7044643283,36961.4253671424,42442.2204473133,43085.353145957,46256.4716010495,53324.3793724756,55746.8423811175,46207.0592032962,52076.4305245885,59593.6847982389,57134.0770682404,60283.24522267,58898.9275256779
Swaziland,SWZ,1292.0574184155,1303.0652064971,1415.0233815648,1465.3118422177,1503.1337459436,1763.4762927382,1627.9840859085,1705.1729440924,1532.9187226316,1476.7761918484,1433.1812404461,1255.4741289756,1131.2435328579,1704.1539133765,2211.0892568714,2339.3003740639,2636.32001593,2690.9283920603,2617.3600943286,2679.6705995317,2956.6967946812,4093.384242641,3988.6671624314,3648.0749034896,3477.1492429559
Sint Maarten (Dutch part),SXM,0,0,0,0,0,0,0,0,0,0,0,0,0,0,0,0,0,0,0,0,0,0,0,0,0
Seychelles,SYC,5265.4965563208,5290.927228958,6051.9864607058,6517.8146285132,6580.3341840669,6748.9311088589,6583.2010181329,7280.9896211786,7715.9181470934,7747.6121587207,7578.8510529885,7663.1370802645,8333.5513521527,8523.0050246662,10173.5748760331,11086.8908871587,12014.3998729502,12155.6282670726,11123.0554136275,9707.2942418077,10805.0606310062,12189.0069471478,12844.858534807,15695.6146128732,15564.641970499
Syrian Arab Republic,SYR,988.5223251502,1012.8148495241,1005.1098091477,1010.0533641824,726.0599561367,795.1951440303,935.7604033876,957.3172087464,976.3661340347,993.8297409344,1181.7192018568,1263.8858592762,1269.7292082569,1261.4260900714,1419.5933792267,1591.5301924123,1779.8210492615,2079.9878638072,0,0,0,0,0,0,0
Turks and Caicos Islands,TCA,0,0,0,0,0,0,0,0,0,0,0,0,0,0,0,0,0,0,0,0,0,0,0,0,0
Chad,TCD,291.8091873535,305.1655082734,296.3458445088,223.1712788038,174.1945723441,206.5117899469,221.9471768844,206.1195660164,224.8400976006,190.8154105771,166.0080154854,197.3022751086,220.7953519205,292.5815827791,454.6552833847,660.181556792,712.0468098181,801.4016003545,929.2796449216,803.9143523454,895.8779958515,988.4431597942,972.6793451102,985.0952473329,1024.6684517087
Togo,TGO,430.0112300278,412.2352457755,424.9015675758,302.2241022157,235.0388475454,305.6245277113,333.591616719,332.6223323798,343.2228479459,331.9725731461,265.5016597187,266.1345687339,286.7580815726,316.7920686669,356.8308035157,379.1809289005,384.2885556203,428.401561824,522.6250070104,508.5405257239,496.4824942028,572.0257032225,580.4950617702,626.1728645396,635.0442676625
Thailand,THA,1508.2879094326,1716.610348218,1929.533107572,2213.1693791403,2497.8982854463,2856.2463916131,3056.7526455245,2480.4760908313,1855.9003833517,2043.9058322435,2016.0410146674,1896.9710034483,2093.9792064194,2349.3845256654,2643.4789348754,2874.3862741776,3351.117632864,3962.7504988544,4384.7826751575,4231.1403677813,5111.9092022292,5539.494368104,5917.9179338712,6229.1728857768,5977.3805871146
Tajikistan,TJK,496.3664537407,468.0240177313,345.6771837102,293.1731153901,236.0452888656,212.9067852908,178.0711659271,155.2766172529,219.5706981329,178.297489732,139.109141559,171.8128850307,190.6049112365,237.8931931401,311.4241128076,339.7680767704,407.2526116501,523.9476512209,711.5036298706,671.5440088405,744.1898921654,841.2198703744,962.4391248535,1048.6595689165,1114.007483342
Turkmenistan,TKM,881.1523545623,847.5417199954,824.4621526374,796.415844463,625.3476020471,592.6987852737,557.5104489679,565.0576696878,592.8360327931,550.7870248861,645.2771014697,776.5722303828,969.970033453,1286.0142612496,1455.9360495076,1706.9567263925,2140.4554721672,2606.74197588,3918.9349267872,4059.9615110208,4392.7195833075,5724.5371023111,6797.7211660283,7826.7736068822,9031.5115696978
Timor-Leste,TLS,0,0,0,0,0,0,0,0,0,0,434.3797399623,522.0315806008,496.1797511726,487.394976066,484.0884489848,501.4292264816,464.8351692482,551.7205984244,673.374537904,780.2611108514,875.8365692713,1015.7159279966,1127.1082145736,1117.7312513082,1169.0387069788
Tonga,TON,1193.4990497037,1387.1520759555,1436.4373728013,1449.6701041857,2025.2925755026,2112.307083473,2283.1905722438,2197.9065190077,1946.490992284,1998.701221736,1926.7325017765,1697.004072282,1836.2904043925,2089.2170426926,2357.1464744496,2565.3857989036,2837.0754715674,2932.9627581571,3307.2823932108,3106.9023755777,3557.737183665,4226.6927465329,4364.3092442221,4117.3414355137,4113.9934930679
Trinidad and Tobago,TTO,4147.6253453627,4230.6437383402,4297.7075628948,3681.5045209436,3956.8049147419,4246.369007101,4577.0538248554,4551.3635281562,4786.9177867988,5383.5143356595,6431.0051053796,6935.6798802509,7049.6100614584,8804.5186659639,10290.463417775,12323.1381956491,14095.985958125,16530.2407920646,21188.0943905595,14508.7898106726,15840.4072608684,18287.4024741111,18322.323800986,20217.0783323043,21323.754712196
Tunisia,TUN,1507.2314556336,1571.8283533331,1825.3791323565,1704.2237577848,1779.3076731824,2012.9362656259,2154.9869391604,2251.3928995886,2336.0839431519,2426.3883627262,2247.9129946709,2286.5004602293,2373.8364775758,2790.0043682329,3139.5372016316,3217.9686462827,3394.4289798689,3805.1529373017,4342.8231773031,4162.5096689683,4176.6114614713,4298.0916974907,4187.5435305176,4309.9916250344,4420.6984351606
Turkey,TUR,2790.5804865914,2732.2742234976,2839.2028449876,3177.1790770863,2268.5812345217,2896.0906035173,3052.4981188453,3143.2645993267,4389.7245739268,4009.1338958127,4215.1624131722,3053.8651078691,3570.546263413,4586.8112031587,5855.5386598391,7117.2332413219,7727.2724045373,9309.5094822381,10382.3181685446,8623.949625376,10111.5177086398,10584.1639636414,10646.0355326161,10975.0749291962,10515.007820334
Tuvalu,TUV,980.0917634531,1034.1749243901,1070.262949971,1052.8011495057,1184.9387145217,1194.9365465225,1331.5198796264,1366.0027936087,1366.7672800826,1460.0703617403,1458.9494204424,1393.3327913255,1621.3335826602,1901.03347628,2232.6025174837,2252.8928856322,2353.3560877295,2768.3709573206,3094.628091723,2763.1603053785,3238.3757627391,3993.5002543023,4044.1937802249,3880.3523216754,3826.9029012988
Tanzania,TZA,172.0542157802,193.7955590255,173.992083732,155.7450589109,159.8575007863,180.8117083433,217.4827593557,250.7355217393,297.5122397683,301.2004871348,308.4062815928,306.2399924491,310.2072765085,325.5507737197,348.0523712928,446.1578939985,475.9087651134,533.1723966894,657.7287433576,665.3440028681,708.5219323254,740.3839008298,827.5288807691,910.3792326816,955.1413113922
Uganda,UGA,247.6017114039,184.8133287163,153.862300071,167.9265898024,201.6258306423,281.9687577715,287.2701337634,289.1826001854,294.7965827231,260.5085666806,260.6844737034,238.0510658865,243.6746248567,241.6948011189,292.8430150351,321.4357613738,342.8372639836,409.8703260132,459.1097759001,557.5235956058,608.8130238573,591.4386238158,656.3980727493,674.3416307157,714.5673454013
Ukraine,UKR,1569.7394334098,1489.6896345266,1417.8688049345,1258.1363325174,1011.9864298009,935.9852577,872.7091664133,991.2301315262,835.260327409,635.7727284919,635.7128466637,780.7380243251,879.4750486228,1048.5224879076,1367.3524333363,1828.717625766,2303.0188309318,3068.608997997,3891.0378231821,2545.4803410735,2973.9964807156,3569.7570274048,3855.4212801318,4029.7155037213,3082.4614470702
Upper middle income,UMC,1054.062078521,1160.52189487,1109.3640676792,1232.2464580788,1368.6832298246,1542.003943435,1687.5135402991,1775.5027584542,1785.6641333896,1696.7541172463,1835.2678764965,1825.0915647829,1892.2939083488,2093.6802672552,2445.706033377,2890.875776028,3372.3898428937,4129.5247426549,4962.8454937108,4892.7880802235,5860.3417275817,6924.4931144688,7324.642781229,7782.9148378987,8030.3310439836
Uruguay,URY,2989.9930949008,3577.8414491974,4082.0285068699,4720.3807863694,5458.0915667218,5984.1296228117,6316.2859310536,7327.9487677041,7711.0859394913,7247.3981619839,6871.9038847048,6281.3732709472,4088.7725411991,3622.0522842798,4117.3088533301,5220.9573960174,5877.8796076223,7009.6781598367,9062.2905353932,9415.1535827344,11938.2750545308,14166.5576672224,15127.6441505167,16879.4531562665,16806.7732671439
United States,USA,23954.4793548671,24405.1648147489,25492.9516517617,26464.852511744,27776.635528226,28782.1750200918,30068.2309182833,31572.6902298492,32949.1977640346,34620.9288990826,36449.8551155349,37273.6181034176,38166.0378407812,39677.1983481058,41921.8097617892,44307.9205848603,46437.0671173065,48061.5376613353,48401.4273403899,47001.5553496818,48374.0564565966,49781.357490134,51456.6587280353,52980.0436263119,54629.4951678912
Uzbekistan,UZB,651.4192096867,652.8074752874,603.3520152964,596.9835856126,576.4471104534,585.9323641611,600.5981578286,623.0026523676,623.216132836,702.4807440889,558.2211439778,456.7034891685,383.3494997487,396.1299689813,465.119886944,546.7768501856,642.9604146441,830.4076942043,1023.119641107,1181.8473596007,1377.0821404694,1544.8277727352,1719.0361962416,1877.9645118434,2036.6917234305
St. Vincent and the Grenadines,VCT,2235.7687109692,2363.6700542822,2573.6253710957,2648.6192819275,2676.7888252817,2922.7030542316,3067.1339115166,3220.0627566206,3461.91134214,3621.8275928484,3672.6693049853,3982.2608818525,4270.7668978271,4446.5946222909,4808.0388448285,5064.2181571359,5608.2040022908,5973.7922775456,6370.4377403557,6177.4973668465,6231.7132323146,6183.6769237388,6337.7701118354,6591.5664897933,6668.886105015
"Venezuela, RB",VEN,2367.7175239879,2544.4488759055,2811.1464217464,2732.6736124203,2601.8504070852,3375.0891247017,3013.7290808521,3714.6172163277,3875.9048430984,4078.2870018219,4785.1530594156,4928.1730400455,3657.193747686,3233.9561063252,4273.3653715706,5435.8722599485,6740.2367785867,8325.2165825528,11224.6467026883,11534.8406001136,13581.3533771018,10754.5928790654,12771.5950361107,0,0
Virgin Islands (U.S.),VIR,15050.5471369622,15945.4998234851,16752.2771329379,18728.243429633,0,0,0,0,0,0,0,0,0,0,0,0,0,0,0,0,0,0,0,0,0
Vietnam,VNM,98.0318690016,142.9658898828,144.1486586041,189.2605161078,229.9548051031,288.0202778679,337.050062832,361.2544883008,360.6007980225,374.4764200648,433.3337076797,448.8822797783,477.1058762631,530.861849365,606.904378262,699.4997789764,796.6715737745,919.2092655681,1164.6125246171,1232.3696711883,1333.5835263548,1542.6704361015,1754.5479738641,1907.5643847169,2052.3190838009
Vanuatu,VUT,1080.2302779369,1252.6279234731,1263.4633991756,1176.8704519041,1335.2516673912,1390.3214226937,1427.0941733445,1462.1964172264,1472.9901769446,1477.8336729602,1469.8888621449,1362.6161284415,1353.9278386398,1580.5106680247,1787.9382648014,1886.388309665,2047.0882852007,2393.3346212201,2698.0212401243,2643.4757853431,2965.7522301167,3275.0239820367,3158.4209735273,3167.0553033047,3147.9637788925
West Bank and Gaza,PSE,0,0,0,0,1201.1425863764,1325.9901705868,1316.7650270048,1389.2857788355,1465.0075040296,1499.600843298,1477.1493753243,1336.9186941974,1156.7543636687,1254.9343974154,1336.9688632071,1455.9336763962,1442.8204102708,1576.2920997837,1855.4570204588,1963.2015186572,2338.719876823,2664.9513846395,2782.9050264302,2991.5380498341,2965.9036745951
World,WLD,4267.1521530295,4445.9291546527,4647.8361078053,4654.8032041716,4923.2050114647,5368.0391607901,5406.3199762102,5315.6317425627,5222.719684885,5343.9897170402,5443.2053830085,5342.733433003,5479.7698187427,6077.9644842805,6762.7712409342,7230.8392345004,7738.3117945808,8617.6084677443,9332.3832689238,8738.4182094683,9473.0888555925,10369.8674733486,10470.3415127663,10638.9882644136,10738.831492412
Samoa,WSM,772.2117759979,765.4958794093,799.0858219132,796.1610061616,1309.9315494702,1321.5113681514,1459.1009286705,1657.9007723778,1557.8857734203,1489.6221559872,1540.653729526,1555.4651908599,1631.3246434326,1907.048404568,2350.862872129,2587.5240001587,2793.5431199908,3130.3525975232,3375.8216396604,3173.5422403592,3530.5739943532,4063.5639955261,4257.0609348881,4179.5976810365,4172.2171003766
"Yemen, Rep.",YEM,472.134868911,471.7410828503,488.0066833519,384.874189826,284.7898668266,278.9694561077,365.3790812614,418.2947354154,375.831503386,441.5692833565,541.5129914852,538.2873197975,567.8219633116,607.9158042676,696.0549606969,817.0824166535,904.6056000553,1181.2151760728,1361.7172085227,1239.8371188665,1310.0538392954,1282.3988318722,1289.0340776367,1408.1461926049,0
South Africa,ZAF,3182.23967026,3345.8276262003,3557.1286845511,3584.0993416059,3650.4861142977,3973.9323828142,3690.1784790516,3728.3339918608,3288.2037652564,3183.149769062,3099.131613696,2705.7802044796,2535.4900421057,3799.4395539688,4892.0390548474,5444.1000989383,5660.116973802,6153.6551666813,5811.6189443611,5912.1431794178,7389.9602636165,8080.8652433904,7592.1579969927,6889.7869987156,6483.8545747284
"Congo, Dem. Rep.",COD,267.4213089511,265.0962975401,217.7477195543,272.3202897407,143.1361591331,133.8679370816,132.9193074235,136.6985469929,136.1663962667,100.693243188,397.2648709903,150.4213804906,171.2340121421,169.9085912886,189.588713462,213.310458976,246.8028136266,273.4864797041,310.7310243982,286.0481803455,311.2478959891,350.2706542499,390.7066035045,413.697057737,442.3395393673
Zambia,ZMB,403.8222343813,404.1057754624,370.9836318639,372.2100464571,405.4729309101,411.417951432,378.5613533753,440.7410532042,352.5550920197,330.2172479583,340.1613797099,376.9810576031,376.4680395392,429.0072778945,530.5535840727,691.8094585867,1030.3153597256,1103.4865771188,1365.7212052255,1134.7729978295,1456.1265261803,1654.5252889909,1686.6180240526,1759.192902286,1721.6232741122
Zimbabwe,ZWE,837.7690557095,802.8851431882,612.672013265,583.112539657,600.4000067266,608.6782435812,720.1034311124,707.2696544188,523.6037695079,554.2268118386,535.1974215001,537.7174827523,499.7164149575,448.3731926995,451.171588554,443.2401359845,414.6801151315,397.9568722581,327.1990836623,594.4959684781,674.2686955697,768.5564093024,850.8276939952,905.5003217862,931.1981869586
